abattre	Fazer cair, derrubar; matar um animal.
abbé	Padre; chefe de uma abadia, abade.
abondance	Grande quantidade, abundância.
abondant	Em grande quantidade, abundante.
abord	D'abord: em primeiro lugar.
aboyer	Gritar, para um cachorro, latir.
abri	Lugar onde a gente está protegido, abrigo.
absence	O fato de não estar aqui, ausência.
abîme	Buraco muito fundo, abismo.
abîmer	Deixar em mau estado, estragar.
accident	Acontecimento imprevisto que faz estrago, acidente.
acclamer	Aplaudir gritando, aclamar.
accorder	Dar, conceder; pôr de acordo.
accuser	Dizer que alguém cometeu uma falta, acusar.
acharner	S'acharner: continuar sem parar, obstinar-se.
acheteur	Pessoa que compra, comprador.
acide	Que pica a língua, como o limão, ácido.
activité	Ocupação, o que a gente faz, atividade.
admirable	Que a gente admira, admirável.
adresse	Lugar onde a gente mora, endereço; habilidade.
adresser	Enviar; dirigir-se a alguém.
affaire	Coisa a fazer, assunto; boa oportunidade.
affection	Carinho, afeto.
affiche	Folha grande colada na parede, cartaz.
agacer	Irritar um pouco.
agitation	Movimentos em todas as direções, agitação.
agiter	Sacudir, agitar.
agréer	Aceitar, achar bom.
agrément	Prazer; acordo.
aigu	Pontudo; som muito alto, agudo.
aiguille	Haste fina para costurar, agulha; ponteiro do relógio.
ainsi	Assim, desse jeito.
aire	Superfície, área; lugar preparado (aire de jeux: área de brincar).
aisé	Fácil; um pouco rico.
allonger	Tornar mais comprido, alongar; s'allonger: deitar-se.
allumer	Ligar, pôr em funcionamento, acender; pôr fogo.
allumette	Palitinho que faz fogo, fósforo.
alouette	Passarinho dos campos, cotovia.
ambiance	Clima de um lugar, ambiente.
amende	Dinheiro a pagar quando a gente não respeitou a lei, multa.
amer	Gosto desagradável, como o café sem açúcar, amargo.
amitié	Laço entre amigos, amizade.
amnésie	Perda da memória, amnésia.
ample	Largo, amplo.
amusement	O que diverte, divertimento.
anglais	Da Inglaterra; língua falada na Inglaterra, inglês.
animation	Movimento, vida, animação; atividade organizada.
annonce	Notícia que a gente faz saber, anúncio.
annuel	Que acontece todo ano, anual.
anxiété	Grande preocupação, ansiedade.
août	Oitavo mês do ano, agosto.
apaiser	Acalmar.
apparence	O que a gente vê por fora, aparência.
apporter	Trazer até aqui.
approche	Chegada próxima, aproximação.
approcher	Vir para perto, aproximar.
appui	Apoio.
aquarium	Caixa de vidro onde vivem peixes, aquário.
araignée	Animalzinho de oito patas que tece teia, aranha.
arracher	Tirar puxando com força, arrancar.
arriver	Vir até um lugar, chegar.
arrivée	Momento em que a gente chega, chegada.
arrière	Atrás, parte de trás.
arroser	Molhar com água, regar.
assez	Suficientemente, bastante.
assister	Estar presente, assistir; ajudar.
assurance	Confiança em si, segurança; contrato que protege, seguro.
assurer	Dizer que é certo, garantir; proteger.
atome	Partícula bem pequena que forma a matéria, átomo.
attaque	Ataque.
attaquer	Começar a lutar, atacar.
attendre	Ficar até que alguma coisa aconteça, esperar.
attentif	Que presta atenção, atento.
attention	Concentração, atenção; prudência.
attirer	Puxar para si, atrair; agradar.
attribuer	Dar, atribuir.
aubergine	Legume roxo, berinjela.
aubépine	Arbusto de flores brancas e espinhos, pilriteiro.
aussitôt	Imediatamente.
automne	Estação em que as folhas caem, outono.
autoriser	Permitir, autorizar.
autorité	Poder de mandar, autoridade.
autrefois	Há muito tempo, antigamente.
autrement	De outro jeito.
avantage	O que é favorável, vantagem.
aventure	O que acontece de extraordinário, aventura.
azote	Gás que forma a maior parte do ar, nitrogênio.
azur	Azul do céu.
aîné	O mais velho dos filhos.
baguette	Pão comprido e fino, baguete; bastãozinho.
baisser	Descer, abaixar.
balancer	Mexer de um lado para o outro, balançar.
bambin	Criança pequena.
banquier	Pessoa que trabalha num banco, banqueiro.
baptême	Cerimônia cristã para entrar na Igreja, batismo; primeira vez.
barrière	Cerca; obstáculo, barreira.
bateau	Máquina que flutua e navega na água, barco.
battre	Bater; ganhar de alguém.
beaucoup	Em grande quantidade, muito.
bercer	Balançar devagarinho um bebê, ninar.
betterave	Legume vermelho, raiz que dá açúcar, beterraba.
beurre	Gordura feita com a nata do leite, manteiga.
bibelot	Objetinho de decoração, bibelô.
bienfait	Boa ação, benefício.
bienvenue	Palavra para receber alguém, boas-vindas.
blessure	Lugar onde a gente se machucou, ferimento.
blottir	Se blottir: encolher-se num canto, junto de alguém.
boisson	O que a gente bebe, bebida.
bonhomme	Homem; personagem (bonhomme de neige: boneco de neve).
boucher	Pessoa que vende carne, açougueiro; tapar um buraco.
boueux	Cheio de lama.
bouillon	Sopa rala, caldo.
bourgeon	Pequeno broto de onde saem as folhas, botão.
boussole	Objeto cuja agulha mostra o norte, bússola.
bouteille	Recipiente de gargalo para líquidos, garrafa.
boîte	Objeto para guardar coisas, caixa.
brigand	Bandido.
brindille	Galhinho fino, graveto.
brouillon	Primeiro teste que a gente corrige, rascunho.
broyer	Esmagar, triturar.
brumeux	Cheio de neblina.
bruyant	Que faz muito barulho, barulhento.
brèche	Buraco num muro, brecha.
brûlant	Muito quente, ardente.
brûler	Destruir pelo fogo, queimar.
buis	Arbusto sempre verde, buxo.
buisson	Grupo de arbustos pequenos, moita.
bâillon	Pano posto na boca para impedir de gritar, mordaça.
bâtiment	Construção, prédio.
béret	Chapéu redondo e achatado, boina.
caisse	Caixa grande; lugar onde se paga, caixa.
calvaire	Cruz à beira de um caminho; grande sofrimento.
canot	Barquinho, bote.
cantique	Canto religioso.
caractère	Jeito de ser, caráter; letra impressa.
carbone	Elemento que existe no carvão e em todos os seres vivos, carbono.
carillon	Conjunto de sinos, carrilhão.
carotte	Legume laranja e comprido, cenoura.
carreau	Quadradinho, ladrilho; vidraça; carta de baralho.
carrière	Profissão, carreira; lugar de onde se tiram pedras, pedreira.
casquette	Chapéu com aba, boné.
celle-ci	Esta pessoa, esta coisa (no feminino).
celui-ci	Esta pessoa, esta coisa (no masculino).
centaine	Grupo de cem, centena.
central	No centro.
cercueil	Caixa onde se põe um morto, caixão.
cesse	Sans cesse: o tempo todo, sem parar.
ceux	Essas pessoas, aqueles.
chameau	Animal do deserto com duas corcovas, camelo.
changer	Tornar diferente, mudar.
chanter	Fazer música com a voz, cantar.
chapelet	Colar de contas para rezar, terço.
chariot	Carrinho que a gente empurra.
charmant	Muito agradável, encantador.
chasser	Perseguir animais, caçar; fazer ir embora, expulsar.
chauffage	Aparelho que esquenta, aquecimento.
chauffer	Deixar quente, esquentar.
chauffeur	Pessoa que dirige, motorista.
chaumière	Casinha com telhado de palha.
chausser	Pôr sapatos, calçar.
chaussure	O que a gente põe nos pés, sapato.
chaussée	Parte da rua para os carros, pista.
chaux	Pó branco para o cimento, cal.
chaîne	Anéis presos uns nos outros, corrente.
chevet	Cabeceira da cama.
cheveu	Pelo da cabeça, cabelo.
chevreuil	Animal selvagem da floresta, menor que o cervo, corço.
chiffon	Pedaço de tecido para limpar, pano.
chiffre	Sinal para escrever os números (0 a 9), algarismo.
choeur	Grupo de cantores, coro.
choix	O que a gente escolhe, escolha.
chou	Legume grande e redondo de folhas, repolho.
châtaigne	Fruto marrom da castanheira, castanha.
château	Grande moradia de um rei ou de um senhor, castelo.
cime	Parte de cima de uma árvore ou de uma montanha, topo.
cimetière	Lugar onde se enterram os mortos, cemitério.
cinquante	O número 50, cinquenta.
cirer	Fazer brilhar com cera, encerar.
citer	Nomear, citar; repetir o que outro disse.
citoyen	Pessoa que faz parte de um país, cidadão.
civil	Que não é militar, civil; educado.
clairière	Lugar sem árvores numa floresta, clareira.
classique	Habitual; antigo e famoso, clássico.
clos	Fechado.
clown	Personagem do circo que faz rir, palhaço.
coffre	Caixa grande, baú; parte de trás do carro, porta-malas.
coffret	Caixinha, cofre pequeno.
coiffer	Arrumar os cabelos, pentear.
coiffure	Jeito de arrumar os cabelos, penteado.
colis	Pacote enviado, encomenda.
coller	Fazer grudar com cola, colar.
collier	Joia em volta do pescoço, colar.
colline	Montanha pequena, colina.
combler	Encher; deixar muito feliz.
commande	O que a gente pede para comprar, encomenda, pedido.
commencer	Iniciar, começar.
comment	De que jeito?, como?
commerce	Compra e venda, comércio.
communion	Cerimônia cristã em que se recebe a hóstia, comunhão.
complet	Inteiro, completo; cheio, lotado.
composer	Formar, compor; escrever música.
comte	Nobre de antigamente, conde.
comète	Astro com uma longa cauda luminosa, cometa.
concert	Espetáculo de música, concerto, show.
conclure	Terminar, concluir; decidir.
confiance	Quando a gente acredita em alguém, confiança.
confus	Que não é claro, confuso; sem graça.
congrès	Grande reunião, congresso.
consacrer	Dar seu tempo a, dedicar.
conserver	Guardar, conservar.
consoler	Confortar alguém que está triste, consolar.
constant	Que não muda, constante.
constater	Reparar, constatar.
consulter	Pedir conselho, consultar; olhar (um livro).
contact	Toque, contato; relação.
content	Feliz, contente.
contenter	Deixar contente, contentar.
conter	Contar, narrar.
continent	Terra muito grande (Europa, África…), continente.
continuel	Que não para, contínuo.
continuer	Não parar, continuar.
contraire	Oposto, contrário.
contrée	Região.
convertir	Fazer mudar de ideia ou de religião, converter.
coquille	Envoltório duro do ovo ou do caracol, casca, concha.
corridor	Corredor.
corriger	Tirar os erros, corrigir.
coucher	Pôr na cama, deitar.
courageux	Que tem coragem, corajoso.
courant	Movimento da água, correnteza; eletricidade, corrente.
couronne	Círculo de ouro na cabeça do rei, coroa.
coussin	Travesseirinho, almofada.
couteau	Ferramenta para cortar, faca.
couvent	Casa de religiosos ou de religiosas, convento.
couvercle	O que fecha uma panela, uma caixa, tampa.
coûter	Ter tal preço, custar.
craindre	Ter medo, temer.
crayon	Bastão para escrever ou desenhar, lápis.
creux	Vazio por dentro, oco.
croisade	Guerra religiosa na Idade Média, cruzada.
croiser	Encontrar, cruzar; pôr em cruz.
croissant	Pãozinho em forma de lua, croissant.
croquer	Morder algo que estala, mordiscar.
croître	Crescer.
croûte	Parte dura do pão ou de um ferimento, crosta.
cruel	Que gosta de fazer sofrer, cruel.
cruelle	Feminino de cruel.
crèche	Creche de bebês; cenário de Natal, presépio.
crème	Parte gordurosa do leite, nata, creme; sobremesa.
créer	Inventar, fabricar, criar.
crêpe	Panqueca fina, crepe.
culotte	Roupa de baixo, calcinha; calça curta.
curieux	Que quer saber tudo, curioso; esquisito.
curiosité	Vontade de saber, curiosidade.
cygne	Ave grande, branca e de pescoço comprido, cisne.
céder	Deixar, ceder; quebrar.
célèbre	Conhecido por todos, famoso.
célébrer	Comemorar, celebrar.
cérémonie	Festa oficial, cerimônia.
d'après	Segundo, de acordo com.
dangereux	Que pode fazer mal, perigoso.
darder	Lançar (le soleil darde ses rayons: o sol lança seus raios).
dater	Pôr a data, datar.
demander	Fazer uma pergunta, perguntar, pedir.
demeurer	Morar; ficar.
dentelle	Tecido leve com buraquinhos, renda.
descendre	Ir para baixo, descer.
dessert	Prato doce no fim da refeição, sobremesa.
dessiner	Fazer um desenho, desenhar.
dessous	Embaixo, debaixo.
deuxième	Que vem depois do primeiro, segundo.
diamant	Pedra preciosa muito dura que brilha, diamante.
dicter	Dizer um texto para escrever, ditar.
différent	Que não é igual, diferente.
direction	Sentido para onde a gente vai, direção.
discours	O que a gente diz diante de um público, discurso.
dispenser	Não obrigar, dispensar.
distance	Espaço entre duas coisas, distância.
distraire	Divertir, distrair; desviar a atenção.
distrait	Que não presta atenção, distraído.
domaine	Grande propriedade, domínio; assunto.
dompteur	Pessoa que adestra animais selvagens, domador.
don	Presente; talento, dom.
dorer	Deixar dourado, dourar.
dortoir	Quarto grande onde dormem várias pessoas, dormitório.
doucement	Sem brusquidão, devagar, suavemente.
douzaine	Grupo de doze, dúzia.
doyen	O mais velho, decano.
débarquer	Descer de um barco, desembarcar.
déboucher	Abrir, desentupir; chegar em.
débris	Pedaço quebrado, destroço.
décharger	Tirar a carga, descarregar.
déchirer	Fazer em pedaços, rasgar.
décision	Escolha, decisão.
découper	Cortar em pedaços, recortar.
découvrir	Achar, descobrir; tirar o que cobre.
défendre	Proteger, defender; proibir.
défenseur	Pessoa que defende, defensor.
défiler	Andar em fila, desfilar.
défunt	Morto, falecido.
déjeuner	Refeição do meio-dia, almoço.
délicieux	Muito bom, delicioso.
déménager	Mudar de casa, mudar-se.
dépendre	Precisar de, depender.
dépôt	Lugar onde a gente deposita, depósito.
déranger	Incomodar.
désastre	Catástrofe, desastre.
désert	Grande região seca de areia, deserto; vazio.
désespoir	Sem mais esperança, desespero.
désigner	Mostrar com o dedo, designar; escolher.
désireux	Que tem vontade, desejoso.
désobéir	Não obedecer, desobedecer.
désordre	Que não está arrumado, bagunça.
détacher	Libertar, soltar.
détourner	Mudar de direção, desviar.
effacer	Tirar o que está escrito, apagar.
embellir	Tornar mais bonito, embelezar.
embrasser	Dar um beijo, beijar; abraçar.
empereur	Chefe de um império, imperador.
emploi	Trabalho, emprego; utilização, uso.
emporter	Levar consigo.
encadrer	Pôr numa moldura, emoldurar; vigiar.
enchanté	Muito contente, encantado.
encourir	Expor-se a (um castigo), incorrer.
endroit	Lugar; lado que a gente vê, direito.
enfance	Tempo em que a gente é criança, infância.
enfermer	Pôr num lugar fechado, trancar.
enfoncer	Fazer entrar fundo, enfiar.
engloutir	Engolir de uma vez; fazer desaparecer.
ennui	Quando a gente se aborrece, tédio; problema.
enrichir	Tornar mais rico, enriquecer.
enseigner	Ensinar aos outros.
ensemble	Uns com os outros, juntos.
entendre	Perceber os sons, ouvir.
enterrer	Pôr debaixo da terra, enterrar.
entonner	Começar a cantar, entoar.
entrain	Bom humor, energia, entusiasmo.
enveloppe	Papel dobrado para pôr uma carta, envelope.
envers	Para, em direção a; lado que a gente não vê, avesso.
envoi	O que a gente envia, envio.
envoyer	Fazer partir, enviar.
errer	Andar sem saber aonde, vagar.
escalader	Subir, escalar.
espiègle	Travesso, que gosta de pregar peças.
espèce	Grupo de seres vivos que se parecem, espécie.
espérance	Esperança.
essai	Tentativa, ensaio.
essentiel	Muito importante, essencial.
eux	Essas pessoas (ils), eles.
exact	Certo, exato.
examen	Prova para controlar o que a gente sabe, exame.
excuse	Palavra para pedir perdão, desculpa; motivo dado.
excuser	Perdoar, desculpar.
exemple	Modelo, exemplo; caso que mostra.
exercer	Praticar, exercer; treinar.
exigence	O que a gente exige, exigência.
exiger	Pedir com força, exigir.
exister	Ser, existir.
expirer	Soprar o ar, expirar; morrer; chegar ao fim.
expliquer	Fazer compreender, explicar.
exposer	Mostrar, expor.
exprimer	Dizer o que a gente pensa, exprimir.
exprès	De propósito, de caso pensado.
expédier	Enviar, expedir.
exquis	Delicioso, requintado.
extraire	Tirar, extrair.
extrémité	Ponta, extremidade.
extrême	O mais longe; muito grande, extremo.
extérieur	Fora, exterior.
fabriquer	Fazer, construir, fabricar.
faciliter	Tornar mais fácil, facilitar.
facilité	Facilidade.
faiblesse	Falta de força, fraqueza.
fameux	Famoso; muito bom.
familial	Da família, familiar.
familier	Conhecido; que vive com a gente, familiar.
faner	Se faner: secar (flor), murchar.
farouche	Selvagem, que foge, arisco.
fatiguer	Esgotar, cansar.
faucher	Cortar a grama, ceifar.
faucheur	Pessoa que ceifa, ceifeiro.
fauteuil	Assento confortável com braços, poltrona.
faux	Que não é verdade, falso; ferramenta para cortar capim, foice.
favori	Preferido, favorito.
favoriser	Ajudar, favorecer.
façade	Frente de um prédio, fachada.
femelle	Animal que pode ter filhotes, fêmea.
fermeture	O que serve para fechar, fecho.
fervent	Apaixonado, fervoroso.
feuillage	Todas as folhas de uma árvore, folhagem.
fiancé	Pessoa que prometeu se casar, noivo.
ficelle	Corda pequena, barbante.
filer	Ir bem depressa, disparar; transformar em fio, fiar.
fixe	Que não se mexe, fixo.
fixer	Prender, fixar; olhar por muito tempo.
fièrement	Com orgulho.
flamber	Queimar com chamas, flamejar.
flanc	Lado do corpo, flanco.
fleurir	Dar flores, florescer.
flotter	Ficar na superfície da água, flutuar.
flûte	Instrumento de música em que a gente sopra, flauta.
foncer	Ir muito depressa, avançar; ficar mais escuro.
fonction	Papel, função.
forestier	Da floresta, florestal.
fouetter	Bater com um chicote, chicotear; bater (creme).
fourneau	Forno, fogão.
fourrure	Pelos grossos de um animal, pele, pelagem.
foyer	Lar, casa; lugar onde se faz o fogo.
framboise	Fruta pequena e vermelha, framboesa.
franchise	O fato de dizer a verdade, franqueza.
frapper	Bater.
frayeur	Grande medo, susto.
fraîcheur	Leve friozinho, frescor.
friandise	Guloseima.
froisser	Amassar.
frontière	Limite entre dois países, fronteira.
frotter	Passar várias vezes apertando, esfregar.
frêle	Frágil.
furieux	Muito bravo, furioso.
fâcher	Se fâcher: ficar bravo, zangar-se.
gai	Alegre.
gaieté	Alegria.
galaxie	Imenso grupo de estrelas, galáxia.
garniture	O que acompanha um prato, guarnição.
gaufre	Bolo leve de quadradinhos, waffle.
genou	Dobra no meio da perna, joelho.
genêt	Arbusto de flores amarelas, giesta.
giboulée	Aguaceiro de primavera.
glacer	Deixar muito frio, gelar.
gland	Fruto do carvalho, bolota.
glissant	Em que a gente escorrega, escorregadio.
glisser	Deslocar-se numa superfície lisa, deslizar, escorregar.
gourmand	Que gosta de comer, guloso.
gouverner	Dirigir um país, governar.
goûter	Comer um pouco para conhecer o gosto, provar; lanche da tarde.
gracieux	Cheio de graça, gracioso.
graisse	Gordura.
grandiose	Impressionante, grandioso.
gratitude	Reconhecimento, gratidão.
gravement	Com seriedade, gravemente.
griffer	Arranhar.
grille	Cerca de metal, grade.
grillon	Inseto que canta, grilo.
grincer	Fazer um barulho agudo, ranger.
groseille	Fruta pequena e vermelha em cacho, groselha.
grossier	Mal-educado, grosseiro; que não é fino.
grouper	Pôr junto, agrupar.
grêle	Chuva de gelo, granizo.
guerre	Luta armada entre países, guerra.
guider	Mostrar o caminho, guiar.
guère	Não muito, quase nada.
guérison	Fim da doença, cura.
guêpe	Inseto amarelo e preto que pica, vespa.
gymnase	Sala de esporte, ginásio.
gâter	Estragar; mimar demais.
généreux	Que dá muito, generoso.
géranium	Flor vermelha das sacadas, gerânio.
gêner	Incomodar.
gîte	Abrigo para dormir, pousada.
habile	Hábil.
habiter	Viver em algum lugar, morar.
habitude	O que a gente faz com frequência, hábito.
halte	Parada.
hameau	Vilarejo bem pequeno, aldeia.
hangar	Grande abrigo, galpão.
hardi	Ousado.
hasard	O que acontece sem ser previsto, acaso.
hauteur	Tamanho para cima, altura.
heureux	Contente, feliz.
histoire	Relato, história; o que aconteceu antigamente.
honneur	Dignidade, honra; respeito.
honorable	Respeitável, honrado.
honorer	Respeitar, honrar, prestar homenagem.
honteux	Que sente vergonha, envergonhado.
horloge	Relógio grande.
hors	Fora de.
humain	Do ser humano, humano; bondoso.
humble	Modesto, humilde.
humidité	Água no ar, umidade.
hâter	Se hâter: apressar-se.
héros	Pessoa muito corajosa, herói; personagem principal.
héroïque	Muito corajoso, digno de um herói, heroico.
hôte	Pessoa que recebe, anfitrião; convidado, hóspede.
hôtel	Casa onde a gente dorme em viagem, hotel.
ignorant	Que não sabe, ignorante.
ignorer	Não saber, ignorar; fingir que não vê.
illuminer	Iluminar.
imaginer	Inventar na cabeça, imaginar.
immeuble	Prédio grande de apartamentos.
immobile	Que não se mexe, imóvel.
implorer	Suplicar, implorar.
important	Que conta muito, importante.
imposant	Impressionante, imponente.
imposer	Obrigar, impor.
imprimer	Pôr no papel com uma máquina, imprimir.
imprudent	Que não é prudente, imprudente.
imprévu	Que não foi previsto, imprevisto.
incendie	Fogo grande, incêndio.
incliner	Inclinar.
indiquer	Mostrar, indicar.
infirmier	Pessoa que cuida dos doentes, enfermeiro.
influence	Poder sobre os outros, influência.
informer	Dar notícias, informar.
inférieur	Que está embaixo, inferior.
inonder	Cobrir de água, inundar.
inquiet	Que se preocupa, inquieto.
insigne	Objetinho que mostra que a gente pertence a um grupo, distintivo.
inspirer	Fazer entrar o ar, inspirar; dar ideias.
instant	Momento muito curto, instante.
instruire	Ensinar a alguém, instruir.
intention	O que a gente quer fazer, intenção.
interdire	Proibir.
intérieur	Dentro, interior.
intérêt	O que interessa, interesse; vantagem.
invention	Coisa inventada, invenção.
invoquer	Chamar por ajuda, invocar.
irriter	Irritar; deixar a pele vermelha.
isocèle	Triângulo que tem dois lados iguais, isósceles.
jaloux	Que quer o que os outros têm, ciumento.
jardinage	Trabalho no jardim, jardinagem.
jeunesse	Tempo em que a gente é jovem, juventude.
joyeux	Cheio de alegria, alegre.
jugement	Decisão, julgamento; opinião.
kilomètre	Mil metros, quilômetro.
laborieux	Que trabalha muito, laborioso; difícil.
labourer	Virar a terra, arar.
lambeau	Pedaço rasgado, farrapo.
lancer	Mandar para longe, lançar, jogar.
largement	Bastante, largamente.
lasser	Cansar, enfadar.
lendemain	Dia seguinte.
lentement	Sem pressa, lentamente.
lierre	Planta que sobe nos muros, hera.
lieue	Antiga medida de distância (cerca de 4 km), légua.
localité	Vilarejo, cidade, localidade.
logis	Casa, morada.
lointain	Que está longe, distante.
longueur	Tamanho de uma ponta à outra, comprimento.
loyal	Honesto, leal.
lui-même	Ele em pessoa, ele mesmo.
lumineux	Que brilha, luminoso.
lâcher	Deixar cair, soltar.
madeleine	Bolinho em forma de concha, madalena.
maint	Muitos (palavra antiga).
maintenir	Segurar, manter.
maire	Chefe da cidade, prefeito.
malheur	Grande tristeza, infortúnio.
malle	Mala grande, baú.
mandarine	Fruta pequena e laranja, tangerina.
manoeuvre	Movimento para conduzir, manobra; operário.
manquer	Não ter o bastante, faltar; errar.
mansarde	Quarto embaixo do telhado, mansarda.
manteau	Roupa quente que a gente põe para sair, casaco.
maquette	Modelo em tamanho pequeno, maquete.
marchand	Comerciante.
maudire	Desejar o mal, amaldiçoar.
mauvais	Que não é bom, mau, ruim.
meilleur	Mais bom, melhor.
menacer	Dar medo dizendo que vai fazer mal, ameaçar.
mendiant	Pessoa que pede dinheiro, mendigo.
mensonge	O que não é verdade, mentira.
menuisier	Artesão que trabalha com madeira, marceneiro.
meringue	Doce leve feito de clara de ovo e açúcar, merengue.
mettre	Colocar, pôr.
mieux	Mais bem, melhor.
militaire	Do exército, militar; soldado.
mille	O número 1000, mil.
millier	Cerca de mil, milhar.
million	Mil vezes mil, milhão.
minuscule	Bem pequenininho, minúsculo; letra pequena.
missel	Livro de missa, missal.
mission	Tarefa a cumprir, missão.
mobilier	Móveis, mobiliário.
modérer	Diminuir, moderar.
moins	Não tanto, menos.
moisson	Colheita do trigo, safra.
molécule	Pequeno grupo de átomos, molécula.
monsieur	Palavra para falar educadamente com um homem, senhor.
montant	Soma, montante; que sobe.
montrer	Fazer ver, mostrar.
monument	Prédio grande e famoso, monumento.
moral	Humor, ânimo, moral; o que é certo.
mousse	Plantinha macia, musgo; bolhas, espuma.
moyen	Nem grande nem pequeno, médio; jeito de fazer, meio.
moyenne	Resultado do meio, média.
muguet	Flor branca do 1º de maio, lírio-do-vale.
mystère	Coisa que a gente não entende, mistério.
mâchoire	Osso da boca que segura os dentes, mandíbula.
mât	Grande poste do barco, mastro.
mécanique	Que funciona com uma máquina, mecânico.
méchant	Que não é gentil, mau.
mécontent	Que não está contente, descontente.
médaille	Prêmio de metal, medalha.
médaillon	Joia que abre, medalhão.
méfiance	Falta de confiança, desconfiança.
mélanger	Misturar.
mélodieux	Agradável de ouvir, melodioso.
mérite	O que merece estima, mérito.
mêler	Misturar.
mûr	Pronto para ser comido (fruta), maduro.
mûrir	Ficar maduro, amadurecer.
naissance	Momento em que a gente nasce, nascimento.
naître	Vir ao mundo, nascer.
neutron	Partícula minúscula no centro do átomo, nêutron.
neveu	Filho do irmão ou da irmã, sobrinho.
nièce	Filha do irmão ou da irmã, sobrinha.
noeud	Laço apertado, nó.
noircir	Deixar preto, escurecer.
noisette	Fruto seco redondo pequeno, avelã.
noix	Fruto seco de casca, noz.
nombreux	Em grande número, numeroso.
nouille	Massa alimentícia, macarrão.
nouveau	Novo, recente.
nouvelle	Informação, notícia; história curta, conto.
novembre	Décimo primeiro mês do ano, novembro.
noyer	Árvore que dá nozes, nogueira; morrer debaixo d'água, afogar.
nullement	De jeito nenhum.
obscur	Escuro, obscuro.
obscurité	Escuridão total.
obstacle	O que impede de passar, obstáculo.
obéissant	Que obedece, obediente.
occuper	Tomar lugar, ocupar; s'occuper de: cuidar de.
oeil	Órgão da visão, olho.
officier	Chefe militar, oficial.
offrir	Dar, oferecer.
omelette	Ovos batidos cozidos na frigideira, omelete.
opinion	Opinião.
orchestre	Grupo de músicos, orquestra.
ordinaire	Habitual, ordinário, comum.
ordonner	Mandar, ordenar.
organiser	Preparar, organizar.
orgueil	Orgulho grande demais.
ornement	Decoração, ornamento.
orphelin	Criança que perdeu os pais, órfão.
orée	Beira de um bosque.
oser	Ter coragem de, ousar.
paix	Ausência de guerra, paz; calma.
paletot	Casaco quente, paletó.
panorama	Vista bem ampla, panorama.
pantalon	Roupa para as pernas, calça.
papillon	Inseto de asas grandes e coloridas, borboleta.
parallèle	Linhas que nunca se tocam, paralelas.
parapluie	Objeto que protege da chuva, guarda-chuva.
pardonner	Desculpar, perdoar.
pareil	Semelhante, igual.
parer	Decorar, enfeitar; evitar um golpe.
paresse	Falta de vontade de trabalhar, preguiça.
parlement	Assembleia que faz as leis, parlamento.
parmi	No meio de, entre.
paroisse	Bairro de uma igreja, paróquia.
parsemer	Espalhar aqui e ali, salpicar.
passage	Lugar por onde a gente passa, passagem.
passant	Pessoa que passa na rua, passante, transeunte.
passion	Grande amor por alguma coisa, paixão.
paternel	Do papai, paterno.
patronage	Proteção, patrocínio; clube para crianças.
pavillon	Casinha, pavilhão; bandeira.
payer	Dar dinheiro, pagar.
paysage	O que a gente vê de um lugar, paisagem.
paysan	Pessoa que trabalha a terra, camponês.
paître	Comer capim, pastar.
peindre	Passar tinta, pintar.
peiner	Causar tristeza, entristecer; ter dificuldade.
peintre	Pessoa que pinta, pintor.
peinture	Líquido colorido, tinta; quadro, pintura.
pencher	Inclinar.
penser	Refletir, pensar.
percer	Fazer um buraco, furar.
permettre	Autorizar, permitir.
perpétuel	Que dura para sempre, perpétuo.
personnel	Que é de si, pessoal; os que trabalham, pessoal.
persuader	Convencer, persuadir.
pharmacie	Loja de remédios, farmácia.
phrase	Sequência de palavras que faz sentido, frase.
pieux	Que reza muito, piedoso.
pipette	Tubinho para sugar um líquido, pipeta.
pis	Tant pis: não tem importância; úbere da vaca.
plafond	Parte de cima de um cômodo, teto.
plaindre	Sentir pena; se plaindre: dizer que não está contente, queixar-se.
plancher	Chão de madeira, assoalho.
pli	Marca de um papel ou de um tecido dobrado, dobra.
plupart	A maior parte.
plusieurs	Mais de um, vários.
poids	O que uma coisa pesa, peso.
poignée	O que a gente segura na mão, punhado; maçaneta de uma porta.
poing	Mão fechada, punho.
pois	Sementinha verde, ervilha; bolinha num tecido, poá.
pommier	Árvore que dá maçãs, macieira.
portrait	Imagem de uma pessoa, retrato.
position	Jeito de se manter, posição; lugar.
possible	Que pode acontecer, possível.
poubelle	Recipiente para o lixo, lixeira.
poursuite	O fato de perseguir, perseguição.
pourtant	No entanto, porém.
pousser	Fazer avançar, empurrar; crescer.
poussin	Filhote da galinha, pintinho.
poussière	Grãozinhos que se assentam por toda parte, poeira.
poète	Pessoa que escreve poemas, poeta.
poêle	Utensílio para cozinhar, frigideira; aparelho de aquecimento, estufa.
presser	Apertar, espremer; se presser: apressar-se.
princesse	Filha do rei, princesa.
printemps	Estação das flores, primavera.
privation	Falta, privação.
prix	O que uma coisa custa, preço; prêmio.
prochain	Que vem logo depois, próximo.
proclamer	Anunciar publicamente, proclamar.
procéder	Fazer, agir, proceder.
programme	Lista do que está previsto, programa.
progrès	Melhora, progresso.
projet	O que a gente quer fazer, projeto.
projeter	Planejar, projetar; lançar.
prolonger	Alongar, prolongar.
promeneur	Pessoa que passeia.
promesse	O que a gente promete, promessa.
prononcer	Dizer, pronunciar.
propice	Favorável, propício.
propriété	O que a gente possui, propriedade; casa grande.
proton	Partícula minúscula no centro do átomo, próton.
provision	Reserva de comida, provisão.
provoquer	Causar, provocar; procurar briga.
pré	Campo de capim, prado.
précieux	Que tem muito valor, precioso.
précéder	Vir antes, preceder.
préférer	Gostar mais, preferir.
présenter	Dar a conhecer, apresentar.
préserver	Proteger, preservar.
président	Chefe de um país ou de um grupo, presidente.
prétendre	Afirmar, pretender.
prêter	Dar por um tempo, emprestar.
public	Para todos, público; os espectadores.
puissance	Força, potência.
puissant	Forte, poderoso.
punition	O que a gente recebe quando desobedeceu, castigo.
pécher	Cometer um pecado, pecar.
pédiatre	Médico das crianças, pediatra.
pénitence	Castigo que a gente se impõe por uma falta, penitência.
quai	Beira de uma estação ou de um porto, plataforma, cais.
quant	Quant à: quanto a.
quarante	O número 40, quarenta.
quatrième	Que vem depois do terceiro, quarto.
question	O que a gente pergunta, pergunta, questão.
queue	Parte de trás de um animal, cauda, rabo; fila de espera.
quitter	Partir de, deixar.
raconter	Contar uma história.
radieux	Radiante de alegria ou de sol.
ranger	Pôr em ordem, arrumar.
rapidité	Velocidade, rapidez.
rapiécer	Consertar costurando um remendo, remendar.
raquette	Objeto para bater na bola no tênis, raquete.
rassurer	Acalmar uma preocupação, tranquilizar.
rater	Errar, falhar.
ravissant	Muito bonito, encantador.
rayon	Feixe de luz, raio; prateleira de loja.
rebelle	Que se recusa a obedecer, rebelde.
recherche	O ato de procurar, pesquisa.
recours	Último meio, recurso.
recouvrir	Cobrir completamente, recobrir.
redoubler	Repetir de ano; aumentar.
redouter	Temer.
refléter	Devolver uma imagem, refletir.
refroidir	Deixar mais frio, esfriar.
regagner	Voltar a, retornar.
rejoindre	Encontrar de novo, juntar-se a.
relation	Laço entre pessoas, relação.
religieux	Da religião, religioso.
remarquer	Ver, perceber, notar.
remercier	Dizer obrigado, agradecer.
remettre	Colocar de volta; entregar.
remonter	Subir de novo.
remplacer	Pôr no lugar, substituir.
remporter	Ganhar, conquistar.
renoncer	Abandonar, renunciar.
renoncule	Flor dos campos, muitas vezes amarela, ranúnculo.
renouveau	Volta da primavera; novo começo, renovação.
rentrée	Volta às aulas.
renverser	Fazer cair, derrubar.
repasser	Passar de novo; tirar os amassados com um ferro, passar roupa.
reprocher	Dizer a alguém o que ele fez de errado, censurar.
respecter	Ter respeito, respeitar.
retomber	Cair de novo.
retourner	Voltar; virar do avesso.
retrouver	Encontrar de novo.
rhume	Nariz que escorre, resfriado.
richesse	Dinheiro, bens, riqueza.
rigoureux	Rigoroso; muito duro (inverno).
rondelle	Fatia redonda, rodela.
rossignol	Ave que canta à noite, rouxinol.
rouille	Mancha vermelha no ferro molhado, ferrugem.
rouleau	Cilindro, rolo; onda que rola.
roulotte	Casa sobre rodas, trailer.
roux	De cor laranja (cabelo), ruivo.
royal	Do rei, real.
royaume	País governado por um rei, reino.
ruisseau	Riozinho, riacho.
réaliser	Fazer, realizar; compreender.
réalité	O que existe de verdade, realidade.
récit	História contada, relato.
réciter	Dizer de cor, recitar.
réel	Verdadeiro, real.
réfléchir	Pensar, refletir; devolver a luz.
régiment	Grupo de soldados, regimento.
révéler	Dar a conhecer um segredo, revelar.
rêver	Ter um sonho, sonhar.
rôder	Andar em volta de um lugar com ar suspeito, rondar.
rôti	Carne assada no forno, assado.
s'enfuir	Partir correndo, fugir.
s'envoler	Partir voando, voar.
s'écrier	Dizer gritando, exclamar.
sacrement	Cerimônia importante da Igreja (batismo…), sacramento.
sacrifice	O que a gente abandona por alguém, sacrifício.
sacrifier	Abandonar por outra coisa, sacrificar.
sagement	De um jeito sábio, com juízo.
sagesse	Calma e razão, sabedoria.
sanglot	Choro barulhento, soluço.
satellite	Objeto que gira em volta de um planeta, satélite.
satisfait	Contente, satisfeito.
sauf	Exceto, salvo.
sautiller	Dar pulinhos.
savourer	Saborear.
savoureux	Que tem bom gosto, saboroso.
scier	Cortar com uma serra, serrar.
scène	Lugar onde atuam os atores, palco, cena.
secours	Ajuda, socorro.
seigneur	Nobre que possuía terras na Idade Média, senhor.
semblable	Igual, semelhante.
sembler	Parecer.
sens	Direção, sentido; significado.
sentiment	O que a gente sente, sentimento.
septembre	Nono mês do ano, setembro.
serein	Calmo, sereno.
sermon	Discurso do padre, sermão; bronca.
serrure	Mecanismo que se abre com uma chave, fechadura.
serviette	Pano para se enxugar, toalha, guardanapo; pasta.
seulement	Só, nada mais, somente.
signaler	Fazer notar, sinalizar.
signifier	Querer dizer, significar.
sillon	Marca cavada pelo arado, sulco.
sinistre	Que dá medo, sinistro; catástrofe.
situation	Posição, situação; estado.
six	O número 6, seis.
soigner	Cuidar de um doente, tratar.
solitaire	Sozinho, solitário.
sonnette	Sininho da porta, campainha.
souci	Preocupação; flor laranja, calêndula.
soudain	De repente.
souffle	Ar que a gente sopra, sopro.
souffrir	Sentir dor, sofrer.
souhait	Desejo, voto.
soulager	Diminuir uma dor, aliviar.
soulever	Levantar um pouco, erguer.
soumettre	Obrigar a obedecer, submeter; propor.
soupirer	Dar um suspiro, suspirar.
souriant	Que sorri, sorridente.
souvent	Muitas vezes, frequentemente.
souverain	Rei, rainha, soberano.
spacieux	Grande, onde tem espaço, espaçoso.
spectacle	O que a gente assiste (teatro, circo…), espetáculo.
sphère	Bola, esfera.
spirituel	Do espírito, espiritual; engraçado e inteligente.
splendeur	Grande beleza, esplendor.
spécial	Particular, especial.
studieux	Que gosta de estudar, estudioso.
style	Jeito de escrever ou de se vestir, estilo.
suc	Suco.
succéder	Vir depois, suceder.
sucer	Aspirar com a boca (uma bala, o dedo), chupar.
supérieur	Que está em cima, superior.
surmonter	Vencer (uma dificuldade), superar.
sursaut	Movimento brusco de surpresa, sobressalto.
sursauter	Dar um sobressalto, sobressaltar-se.
suspendre	Pendurar; parar por um tempo, suspender.
symphonie	Grande peça de música para orquestra, sinfonia.
système	Conjunto organizado, sistema.
séance	Reunião, sessão; tempo de uma atividade.
sécher	Deixar seco, secar.
sécurité	Quando não há perigo, segurança.
sérieux	Que faz as coisas direito, sério; grave.
sévère	Rígido, severo.
sûr	Certo, seguro.
tacher	Fazer uma mancha, manchar.
tailleur	Pessoa que faz roupas, alfaiate; conjunto feminino, tailleur.
talus	Ladeira na beira de uma estrada, talude.
taper	Bater.
taquiner	Provocar de brincadeira, implicar.
tendresse	Suavidade, carinho, ternura.
tentation	Vontade de fazer o que a gente não deveria, tentação.
tenter	Tentar, experimentar; dar vontade.
terrain	Espaço de terra, terreno.
terrestre	Da Terra, terrestre.
terreur	Medo muito grande, terror.
terrible	Que dá medo, terrível; muito forte.
terrier	Buraco onde vive o coelho, toca.
thé	Bebida quente feita com folhas, chá.
tissu	Tecido.
toilette	Ato de se lavar; toilettes: banheiro.
tonneau	Grande barril de madeira, tonel.
tort	Avoir tort: estar errado.
touffe	Grupo de pelos ou de capim juntos, tufo.
toujours	O tempo todo, sempre.
tourment	Grande sofrimento, tormento.
tournant	Curva.
toux	O ato de tossir, tosse.
tracer	Desenhar um traço, traçar.
trait	Linha, traço.
traiter	Cuidar de, tratar; insultar.
trajet	Caminho de um ponto a outro, trajeto.
trancher	Cortar de uma vez; decidir.
transport	O ato de transportar, transporte.
travers	À travers: atravessando, através.
traîner	Puxar atrás de si, arrastar; ser lento.
trembler	Mexer em pequenos tremores, tremer.
tremper	Molhar completamente, encharcar.
trimestre	Três meses, trimestre.
triomphe	Grande vitória, triunfo.
tristesse	Mágoa, tristeza.
troisième	Que vem depois do segundo, terceiro.
trompette	Instrumento de música de metal, trompete.
troupeau	Grupo de animais, rebanho.
tunnel	Passagem debaixo da terra, túnel.
tuyau	Tubo, cano.
type	Tipo, gênero.
tâcher	Tentar, procurar.
télescope	Grande luneta para ver as estrelas, telescópio.
téléphone	Aparelho para falar à distância, telefone.
témoigner	Contar o que a gente viu, testemunhar.
univers	Tudo o que existe, universo.
user	Estragar de tanto servir, gastar.
utiliser	Servir-se de, usar, utilizar.
vacances	Tempo sem escola, férias.
vaillant	Corajoso, valente.
vain	Inútil, vão.
vaincre	Ganhar, vencer.
vanter	Falar bem, elogiar; se vanter: achar-se melhor, gabar-se.
veille	Dia anterior, véspera.
veiller	Ficar acordado, velar; vigiar.
velours	Tecido muito macio, veludo.
vengeance	O ato de se vingar, vingança.
ver	Animalzinho todo mole sem patas, verme, minhoca.
verdâtre	Um pouco verde, esverdeado.
vermeil	Vermelho vivo.
vermillon	Vermelho brilhante, vermelhão.
vers	Em direção a; linhas de um poema, versos.
vieil	Velho (diante de vogal: un vieil arbre, uma árvore velha).
vigoureux	Forte, vigoroso.
voeu	Desejo, voto.
voix	Som que sai da boca, voz.
voyage	Deslocamento para longe de casa, viagem.
voyager	Fazer uma viagem, viajar.
voûte	Teto arredondado, abóbada.
vrai	Que é a verdade, verdadeiro.
vraiment	De verdade, realmente.
véhicule	Carro, caminhão…, veículo.
vêpres	Orações da tarde, vésperas.
vêtement	O que a gente usa para se vestir, roupa.
vêtir	Vestir.
yeux	Plural de œil, olhos.
âgé	Idoso, velho.
ébats	Brincadeiras, movimentos alegres.
échanger	Dar uma coisa em troca de outra, trocar.
échec	O fato de errar, fracasso; échecs: jogo de tabuleiro, xadrez.
écho	Som que volta, eco.
éclaircir	Deixar mais claro, clarear.
éclairer	Dar luz, iluminar.
éclatant	Muito brilhante, brilhante.
éclipse	Quando um astro esconde outro, eclipse.
économie	Dinheiro guardado, economia; administração do dinheiro.
écorce	Pele da árvore, casca.
écraser	Achatar, esmagar.
éducation	Jeito de criar as crianças, educação.
égal	Igual.
également	Também, igualmente.
égalité	Quando é igual para todos, igualdade.
égard	Atenção, respeito, consideração.
élan	Movimento rápido, impulso; grande animal do norte, alce.
élégance	Chique, elegância.
éléphant	Animal enorme com tromba, elefante.
émotion	O que a gente sente com força, emoção.
énergique	Cheio de energia, enérgico.
épi	Parte de cima da haste de trigo, espiga.
époux	Marido, esposo; les époux: marido e mulher.
éprouver	Sentir.
équilibre	Quando a gente não cai, equilíbrio.
équipage	Pessoas que trabalham num barco ou num avião, tripulação.
ériger	Construir, erigir.
étendre	Espalhar, estender; alongar.
éternité	Tempo sem fim, eternidade.
étincelle	Pequena centelha de fogo, faísca.
étiquette	Papelzinho colado num objeto, etiqueta, rótulo.
étonner	Surpreender, espantar.
étranger	De outro país, estrangeiro.
étudiant	Pessoa que estuda depois do colégio, estudante, universitário.
évangile	Livro sobre a vida de Jesus, evangelho.
éveiller	Acordar, despertar.
évidence	Coisa evidente, evidência.
évêque	Chefe religioso de uma região, bispo.
ôter	Tirar.
