abaisser	Fazer descer, tornar mais baixo, abaixar.
abandonner	Deixar de lado, largar, abandonar.
abbaye	Grande mosteiro, abadia.
abcès	Bolsa de pus debaixo da pele, abscesso.
abondamment	Em grande quantidade, abundantemente.
abrupt	Muito íngreme (ladeira); brusco.
absolument	Totalmente, absolutamente.
absolutisme	Poder total de um só chefe, absolutismo.
accabler	Esmagar de cansaço ou de censuras, sobrecarregar.
accepter	Dizer sim, aceitar.
acclamation	Gritos de alegria para saudar alguém, aclamação.
accompagner	Ir com alguém, acompanhar.
accomplir	Realizar, fazer até o fim, cumprir.
accourir	Vir correndo, acorrer.
accrocher	Pendurar num gancho.
accueil	Jeito de receber alguém, acolhida.
accueillir	Receber alguém em casa, acolher.
acheminer	Transportar até um lugar, encaminhar.
acquitter	Pagar, quitar; declarar inocente, absolver.
acquérir	Obter, comprar, adquirir.
actuellement	Neste momento, atualmente.
admettre	Aceitar, admitir; reconhecer que é verdade.
administration	Serviços que administram um país ou uma empresa.
administrer	Dirigir, administrar; dar um remédio.
admiration	O que a gente sente por aquilo que admira, admiração.
adversaire	Pessoa contra quem a gente joga ou luta, adversário.
affairé	Muito ocupado, atarefado.
affectueux	Carinhoso, cheio de afeto.
affliger	Deixar muito triste, afligir.
affreux	Muito feio; horrível, pavoroso.
agréablement	De um jeito agradável.
agrémenter	Decorar, tornar mais agradável.
aiguiser	Tornar mais afiado, afiar.
ailleurs	Em outro lugar.
aisance	Facilidade, desenvoltura; conforto.
aisément	Facilmente.
alentours	Os arredores.
algorithme	Sequência de etapas para resolver um problema, algoritmo.
alias	Também chamado de, vulgo.
alibi	Prova de que a pessoa estava em outro lugar na hora de um crime, álibi.
aligner	Pôr em linha, alinhar.
allemand	Da Alemanha; língua falada na Alemanha, alemão.
allergie	Reação do corpo a uma coisa que ele não suporta, alergia.
allégresse	Grande alegria, júbilo.
alpin	Da montanha, dos Alpes, alpino.
ambulance	Veículo que transporta os doentes, ambulância.
amicalement	Como um amigo, amigavelmente.
américain	Da América, americano.
anesthésie	Produto que faz dormir ou tira a dor antes de uma operação, anestesia.
angoisse	Grande medo, inquietação, angústia.
anneau	Círculo, anel; aliança.
annoncer	Fazer saber, anunciar.
anxieux	Preocupado, ansioso.
apercevoir	Ver um pouco, de longe, avistar.
apostolique	Dos apóstolos; do papa, apostólico.
apostrophe	Pequeno sinal (’) que substitui uma vogal, apóstrofo.
apparaître	Mostrar-se, aparecer.
apparemment	Conforme o que a gente vê, aparentemente.
apparition	O fato de aparecer, aparição.
appartement	Moradia num prédio, apartamento.
appartenir	Ser de alguém, pertencer.
appeler	Dizer o nome, chamar; telefonar.
applaudir	Bater palmas para cumprimentar, aplaudir.
application	Atenção que a gente dedica a fazer bem, aplicação; programa no celular, aplicativo.
appliquer	Pôr sobre, aplicar; seguir uma regra.
apprendre	Descobrir e guardar, aprender; ensinar.
approuver	Concordar, aprovar.
apprécier	Gostar, apreciar; estimar.
apprêter	Preparar, aprontar.
appuyer	Apertar, pressionar; apoiar.
appétissant	Que dá vontade de comer, apetitoso.
appétit	Vontade de comer, apetite.
après-midi	Tempo entre o meio-dia e a noite, tarde.
arc-en-ciel	Arco de cores no céu depois da chuva, arco-íris.
architecte	Pessoa que desenha as plantas dos prédios, arquiteto.
archéologie	Ciência que estuda objetos antigos enterrados, arqueologia.
argenter	Cobrir de prata, pratear.
argot	Palavras informais de um grupo, gíria.
aride	Muito seco, árido.
arranger	Pôr em ordem, arrumar; consertar.
arrondir	Tornar redondo, arredondar; simplificar um número.
arrondissement	Bairro de uma cidade grande, distrito.
arrêter	Parar.
arène	Lugar redondo para espetáculos e lutas, arena.
arête	Espinha pequena do peixe; aresta de uma montanha.
asphyxie	Quando a gente não consegue mais respirar, asfixia.
assaut	Ataque, assalto.
assembler	Pôr junto, montar, reunir.
asseoir	S'asseoir: sentar-se num assento.
assiette	Prato individual para comer.
associer	Reunir, associar.
astronaute	Pessoa que viaja no espaço, astronauta.
astéroïde	Rocha grande que viaja no espaço, asteroide.
asymétrique	Que não é igual dos dois lados, assimétrico.
athlète	Esportista, atleta.
atmosphère	Ar que envolve a Terra, atmosfera; clima.
attachement	Afeição, apego.
attacher	Amarrar, prender.
attarder	S'attarder: ficar por muito tempo, demorar-se.
atteindre	Chegar até, atingir, alcançar.
atteler	Prender um animal a uma carroça, atrelar.
attente	O fato de esperar, espera.
attentivement	Com atenção, atentamente.
atterrir	Pousar no chão (avião), aterrissar.
attester	Provar, certificar, atestar.
attrait	O que atrai, atrativo.
attraper	Agarrar, pegar.
attrister	Deixar triste, entristecer.
au-dessus	Mais alto, acima.
augmenter	Ficar maior, aumentar.
aujourd'hui	Este dia, hoje.
auparavant	Antes, anteriormente.
automobile	Carro, automóvel.
avantageux	Que traz uma vantagem, vantajoso.
avare	Que não quer gastar seu dinheiro, avarento.
aventurer	S'aventurer: ir a um lugar desconhecido ou perigoso, aventurar-se.
avide	Que quer muito, ávido.
baigner	Pôr na água, banhar.
balançoire	Assento pendurado para se balançar, balanço.
balayer	Limpar com uma vassoura, varrer.
baptiser	Dar o batismo, batizar; dar um nome.
barbu	Que tem barba, barbudo.
baril	Tonelzinho, barril.
barrage	Muro que segura a água de um rio, represa.
barreau	Barra de uma grade ou de uma escada, barra.
basse-cour	Lugar da fazenda onde vivem galinhas e patos, galinheiro.
berge	Margem de um rio.
bibliothécaire	Pessoa que cuida de uma biblioteca, bibliotecário.
biceps	Músculo do braço, bíceps.
bicyclette	Bicicleta.
bidon	Recipiente para líquidos, galão.
bien-aimé	Que a gente ama muito, querido.
bien-être	Sensação de estar bem, bem-estar.
bienfaisant	Que faz bem, benéfico.
bienfaiteur	Pessoa que faz bem aos outros, benfeitor.
bienheureux	Muito feliz, bem-aventurado.
bilan	Resultado, conta final, balanço.
bison	Boi selvagem grande com corcova, bisão.
bizarre	Estranho, esquisito.
blesser	Fazer um ferimento, ferir.
blâme	Censura severa.
blême	Muito pálido.
bocal	Pote de vidro.
bosselé	Cheio de calombos.
botanique	Ciência das plantas, botânica.
bouleau	Árvore de casca branca, bétula.
boulevard	Avenida larga, bulevar.
bouleverser	Pôr em desordem, virar de cabeça para baixo; comover muito.
bourdonnement	Zumbido surdo de um inseto.
bourdonner	Fazer um zumbido contínuo, zumbir.
bourgeois	Pessoa de posses da cidade, burguês.
bourgeoisie	Conjunto dos burgueses, burguesia.
bourgeonner	Fazer brotos, brotar.
bourgmestre	Prefeito, na Bélgica.
bourrasque	Golpe de vento violento, rajada.
bousculer	Empurrar bruscamente, atropelar.
bride	Arreio da cabeça do cavalo, rédea.
brillant	Que brilha, brilhante; muito inteligente.
briller	Lançar luz, brilhar.
brouillard	Nuvem rente ao chão, nevoeiro.
brune	Que tem cabelos castanhos, morena.
brusquement	De repente, bruscamente.
bulletin	Caderneta de notas, boletim; papelzinho.
buste	Parte de cima do corpo, busto; estátua da parte de cima do corpo.
butin	O que foi roubado ou ganho, butim.
bénin	Que não é grave, benigno.
bénit	Abençoado por um padre (eau bénite: água benta).
bénédiction	Proteção pedida a Deus, bênção.
bûcheron	Pessoa que corta árvores, lenhador.
cache-cache	Brincadeira em que a gente se esconde, esconde-esconde.
caillou	Pedrinha, seixo.
calendrier	Quadro dos dias do ano, calendário.
caler	Travar, calçar; parar (motor), engasgar.
campagnard	Do campo, camponês.
captif	Prisioneiro, cativo.
caresse	Gesto suave da mão, carícia.
caresser	Tocar suavemente, acariciar.
cargo	Navio de mercadorias, cargueiro.
carpe	Peixe de água doce, carpa.
carrefour	Cruzamento de estradas, encruzilhada.
caser	Colocar, acomodar.
catastrophe	Grande desgraça, catástrofe.
catholique	Cristão da Igreja de Roma, católico.
cathédrale	Igreja muito grande, catedral.
catéchisme	Lições de religião cristã, catecismo.
caviar	Ovas de peixe muito caras, caviar.
ceinture	Faixa que segura a calça, cinto.
centimètre	Centésima parte do metro, centímetro.
cependant	No entanto, contudo.
cerne	Sombra debaixo dos olhos, olheira.
chaland	Barco chato para mercadorias, barcaça.
championnat	Competição para escolher o campeão, campeonato.
changement	Modificação, mudança.
charbonnage	Mina de carvão.
charcuterie	Carnes de porco preparadas, frios; loja que as vende.
charlatan	Falso médico, mentiroso, charlatão.
charrette	Carro de duas rodas puxado por um animal, carroça.
charrue	Ferramenta para arar a terra, arado.
chirurgien	Médico que opera, cirurgião.
chocolaterie	Fábrica ou loja de chocolate.
choir	Cair (palavra antiga).
chronomètre	Relógio que mede uma duração precisa, cronômetro.
chrysalide	Casulo de onde sai a borboleta, crisálida.
chrétien	Que acredita em Jesus Cristo, cristão.
ci-joint	Junto a esta carta, anexo.
cierge	Vela grande de igreja, círio.
circulation	Movimento dos carros, circulação, trânsito; do sangue.
ciseaux	Ferramenta de duas lâminas para cortar, tesoura.
citoyenneté	O fato de ser cidadão, cidadania.
clergé	Conjunto dos padres, clero.
clémentine	Fruta cítrica pequena e laranja, clementina.
coccinelle	Inseto pequeno vermelho com pintas pretas, joaninha.
cocon	Envoltório da lagarta, casulo.
coefficient	Número que multiplica, coeficiente.
collection	Objetos do mesmo tipo reunidos, coleção.
collège	Escola depois do CM2, ginásio.
colon	Pessoa que se instala numa colônia, colono.
colonne	Pilar, coluna; fileira vertical.
combattre	Lutar, combater.
commandant	Chefe militar, comandante.
commander	Dar ordens, comandar; pedir uma compra, encomendar.
commencement	Começo.
commercial	Do comércio, comercial.
commerçant	Pessoa que tem uma loja, comerciante.
commettre	Fazer (uma falta), cometer.
commode	Prático, cômodo; móvel de gavetas, cômoda.
communal	Da comuna, da cidade, municipal.
communiant	Pessoa que faz sua comunhão.
communier	Receber a comunhão, comungar.
communiquer	Transmitir, trocar, comunicar.
comparaison	O fato de comparar, comparação.
compassion	Pena, partilha da dor, compaixão.
compliquer	Tornar difícil, complicar.
complètement	Totalmente, completamente.
compléter	Tornar completo, completar.
composition	Jeito como é feito, composição; redação.
comprendre	Entender o sentido, compreender.
compte	Cálculo, conta; conta no banco.
compter	Calcular, contar; dizer os números.
compétition	Concurso esportivo, competição.
concerner	Dizer respeito, interessar.
concours	Prova para escolher os melhores, concurso.
condamner	Punir por um julgamento, condenar.
condisciple	Colega de escola.
condition	O que é preciso para funcionar, condição; estado.
confesser	Confessar, admitir.
conformément	De acordo com, conforme.
conférence	Discurso diante de um público, palestra, conferência.
conjugaison	Formas do verbo, conjugação.
connaître	Saber, conhecer; já ter encontrado.
conquérir	Tomar pela força, conquistar; ganhar a amizade de alguém.
conscience	Sentido do bem e do mal, consciência; o fato de estar desperto.
conseiller	Dar conselhos, aconselhar.
consentement	Acordo, consentimento.
consentir	Aceitar, consentir.
considérable	Muito grande, considerável.
considérer	Olhar, considerar; estimar.
consister	Ser feito de, consistir.
consolation	Conforto, consolo.
constamment	O tempo todo, constantemente.
constituer	Formar, constituir.
construction	Prédio, construção; ato de construir.
construire	Edificar, construir.
conséquence	Consequência, resultado.
contempler	Olhar por muito tempo com admiração, contemplar.
continuellement	Sem parar, continuamente.
contrarier	Incomodar, aborrecer, contrariar.
convaincre	Persuadir, convencer.
conversation	Discussão, conversa.
conviction	Certeza, convicção.
coquelicot	Flor vermelha dos campos, papoula.
cordialement	Amigavelmente, cordialmente.
cordonnier	Pessoa que conserta sapatos, sapateiro.
corolle	Conjunto das pétalas, corola.
correction	O fato de corrigir, correção.
corse	Da Córsega, corso.
courageusement	Com coragem, corajosamente.
couronner	Pôr uma coroa, coroar; premiar.
courrier	Cartas, correspondência, correio.
craquement	Barulho do que estala, estalido.
croissance	O fato de crescer, crescimento.
crucifix	Cruz com Jesus, crucifixo.
crépuscule	Momento em que o sol se põe, crepúsculo.
crête	Parte vermelha na cabeça do galo, crista; topo de uma montanha.
cueillette	Ação de colher, colheita.
cueillir	Apanhar flores ou frutas, colher.
cuiller	Colher.
cuillère	Talher para tomar sopa, colher.
cuisinière	Aparelho para cozinhar, fogão; mulher que cozinha, cozinheira.
cuite	O fato de estar cozido.
cultivateur	Agricultor, lavrador.
curer	Limpar raspando, desentupir.
cycliste	Pessoa de bicicleta, ciclista.
cylindre	Forma de tubo, cilindro.
câble	Fio grosso, cabo.
d'abord	Em primeiro lugar.
daigner	Dignar-se, ter a bondade de.
damer	Compactar (a neve).
demoiselle	Moça, senhorita.
dernièrement	Recentemente, ultimamente.
derrière	Atrás, na parte de trás.
descente	Caminho que desce, descida.
description	Texto que descreve, descrição.
dessein	Projeto, intenção, desígnio.
diagnostic	O que o médico descobre, diagnóstico.
dictionnaire	Livro que explica as palavras, dicionário.
difficile	Que não é fácil, difícil.
difficulté	Problema, dificuldade.
différence	O que não é igual, diferença.
différer	Ser diferente, diferir; adiar.
dilemme	Escolha difícil entre duas coisas, dilema.
dimension	Tamanho, dimensão.
discussion	Conversa, discussão.
disparaître	Deixar de ser visível, desaparecer.
disparition	O fato de desaparecer, desaparecimento.
disperser	Espalhar, dispersar.
disposition	Arranjo, disposição; à disposition: pronto para servir.
dissiper	Fazer desaparecer, dissipar; se dissiper: conversar na aula.
distinction	Diferença, distinção; elegância; prêmio.
distinguer	Ver a diferença, distinguir.
distraction	Diversão, distração; falta de atenção.
distribuer	Dar a cada um, distribuir.
distribution	O fato de distribuir, distribuição.
dommage	Estrago, dano; c'est dommage: é uma pena.
dossier	Encosto de uma cadeira; pasta de papéis, dossiê.
dresser	Levantar, erguer; ensinar um animal a obedecer, adestrar.
durcir	Ficar duro, endurecer.
débattre	Discutir, debater.
déception	Tristeza quando a gente se decepciona, decepção.
déchaîner	Provocar com violência, desencadear.
déclic	Barulhinho seco, clique; momento em que a gente compreende.
décourager	Tirar a coragem, desencorajar.
dédaigner	Desprezar, desdenhar.
délaisser	Abandonar, deixar de lado.
démocratie	País onde o povo escolhe seus chefes, democracia.
démontrer	Provar, demonstrar.
dépasser	Ir mais longe, ultrapassar.
déployer	Estender, desdobrar.
dépouiller	Tirar, despojar; roubar.
dépêcher	Se dépêcher: apressar-se.
dérouler	Estender o que estava enrolado, desenrolar.
désaltérer	Tirar a sede, matar a sede.
désespérer	Perder a esperança, desesperar.
déshabiller	Tirar as roupas, despir.
désolation	Grande tristeza, desolação.
désormais	A partir de agora, doravante.
déterminer	Decidir, descobrir, determinar.
développement	Crescimento, desenvolvimento.
développer	Fazer crescer, desenvolver.
dévouement	O fato de se dedicar aos outros, dedicação.
effectuer	Fazer, efetuar.
effrayer	Dar medo, assustar.
effroyable	Horrível, pavoroso.
emballer	Envolver, embrulhar, embalar.
embarquer	Subir num barco, embarcar.
embarrasser	Incomodar, embaraçar.
embaumer	Cheirar muito bem, perfumar.
emmener	Levar consigo.
emplacement	Lugar, local.
employer	Usar, empregar; fazer trabalhar.
employé	Pessoa que trabalha para um patrão, empregado.
empêcher	Não deixar fazer, impedir.
encombrer	Atrapalhar ocupando espaço, atravancar.
encourager	Dar coragem, encorajar.
endosser	Pôr nas costas, vestir; assumir a responsabilidade.
endurance	Resistência ao esforço.
enflammer	Pôr fogo, inflamar.
enluminure	Pintura que decora um livro antigo, iluminura.
ennuyer	Cansar, entediar; incomodar.
ennuyeux	Que não é interessante, chato.
enquête	Pesquisa para descobrir a verdade, investigação.
enseignement	O fato de ensinar, ensino.
ensoleillé	Cheio de sol, ensolarado.
entasser	Pôr em monte, empilhar.
enterrement	Cerimônia em que se enterra um morto, enterro.
entièrement	Completamente, inteiramente.
entourer	Estar em volta, rodear.
entraîner	Levar; fazer esporte para progredir, treinar.
entretien	Conversa, entrevista; cuidado para manter em bom estado, manutenção.
envahir	Entrar à força, invadir.
envelopper	Envolver, embrulhar.
environnement	Natureza que nos cerca, meio ambiente.
environner	Rodear, cercar.
essayer	Tentar, experimentar.
essuyer	Secar com um pano, enxugar.
exactement	Precisamente, exatamente.
exactitude	Precisão, exatidão.
examiner	Olhar com atenção, examinar.
exaucer	Realizar um desejo, atender.
excellence	Qualidade superior, excelência.
excellent	Muito bom, excelente.
exceptionnel	Raro, extraordinário, excepcional.
exciter	Agitar, excitar.
exclamation	Grito de surpresa, exclamação; point d'exclamation: ponto de exclamação (!).
excursion	Passeio, pequena saída, excursão.
exemplaire	Que serve de exemplo, exemplar; um livro entre outros.
exercice	Trabalho para treinar, exercício.
existence	Vida, existência.
explication	O que explica, explicação.
exploration	Descoberta de um lugar desconhecido, exploração.
exposition	Apresentação de objetos, exposição.
expression	Jeito de falar, expressão; ar do rosto.
expédition	Viagem para descobrir, expedição.
expérience	Teste, experiência; o que a gente aprendeu vivendo.
exécuter	Fazer, realizar (um trabalho, uma ordem), executar.
exécution	O fato de realizar alguma coisa, execução.
fable	Pequena história com uma moral, fábula.
fabrication	O fato de fabricar, fabricação.
facilement	Sem dificuldade, facilmente.
farcir	Encher de recheio, rechear.
façonner	Dar uma forma, moldar.
ferraille	Pedaços velhos de ferro, sucata.
fibre	Fio muito fino, fibra.
fillette	Menininha.
filleul	Criança de quem a gente é padrinho, afilhado.
finalement	No fim, finalmente.
fiole	Garrafinha, frasco.
firmament	Céu, firmamento.
flair	Olfato do cachorro, faro; intuição.
flatter	Fazer elogios exagerados, bajular.
flatteur	Que bajula, lisonjeiro.
formel	Claro e nítido; oficial, formal.
fouiller	Procurar por toda parte, revistar.
fourniture	Material escolar, suprimento.
fourrer	Enfiar, meter dentro; encher.
franchement	Honestamente, francamente.
français	Da França; língua da França, francês.
fraternité	Amizade como entre irmãos, fraternidade.
frigo	Refrigerador, geladeira.
frire	Cozinhar no óleo, fritar.
frissonner	Tremer de frio ou de medo, arrepiar-se.
fréquent	Que acontece muitas vezes, frequente.
fréquenter	Ir muitas vezes a algum lugar, frequentar; ver alguém com frequência.
furtif	Discreto e rápido, furtivo.
fâcheux	Chato, lamentável.
féliciter	Dizer parabéns, felicitar.
féodalité	Organização da Idade Média com senhores, feudalismo.
gaiement	Alegremente.
gambader	Pular de alegria, cabriolar.
gargouille	Estátua que cospe a água do telhado, gárgula.
gazouillement	Canto leve dos pássaros, gorjeio.
gazouiller	Cantar baixinho, gorjear.
gentiment	Com gentileza, gentilmente.
germe	Pequeno broto, germe; micróbio.
gibecière	Bolsa do caçador.
gifle	Tapa no rosto.
gigantesque	Enorme, gigantesco.
glissoire	Pista de gelo para deslizar, escorregador de gelo.
globe	Bola, globo; a Terra.
golfe	Parte do mar que entra nas terras, golfo.
gonfler	Encher de ar, inflar.
gourmandise	Amor pelas coisas gostosas, gulodice.
goutte	Quantidade bem pequena de líquido, gota.
gouvernement	Aqueles que dirigem o país, governo.
grade	Posição no exército, patente.
grand-maman	Avó, vovó.
grand-mère	Mãe do pai ou da mãe, avó.
grand-père	Pai do pai ou da mãe, avô.
granit	Pedra muito dura, granito.
gratis	De graça, gratuito.
gratter	Esfregar com as unhas, coçar, arranhar.
gravitation	Força que atrai os objetos entre si, gravitação.
grelotter	Tremer de frio.
groseillier	Arbusto de groselhas, groselheira.
guetter	Vigiar esperando, espreitar.
guichet	Pequena abertura onde se compra um bilhete, guichê.
gymnastique	Esporte de exercícios do corpo, ginástica.
généralement	Na maioria das vezes, geralmente.
générosité	Qualidade de quem dá, generosidade.
géographie	Estudo da Terra e dos países, geografia.
gésir	Estar deitado (ci-gît: aqui jaz).
habileté	Destreza, habilidade.
habiller	Pôr roupas, vestir.
habitant	Pessoa que mora num lugar, habitante.
habitation	Casa, habitação.
habituel	Como de costume, habitual.
habituer	Fazer pegar o hábito, acostumar.
haillon	Roupa velha rasgada, farrapo.
haleine	Sopro, hálito, fôlego.
hanneton	Inseto grande marrom, besouro.
harmonieux	Agradável, bem equilibrado, harmonioso.
hausser	Levantar, erguer.
hermine	Animalzinho branco de pelo, arminho.
heureusement	Por sorte, felizmente.
heurter	Bater, chocar-se.
hexagone	Figura de seis lados, hexágono; a França.
hirondelle	Ave que anuncia a primavera, andorinha.
hiéroglyphe	Desenho da escrita egípcia, hieróglifo.
hommage	Demonstração de respeito, homenagem.
honnête	Que não mente, não rouba, honesto.
horizon	Linha onde o céu parece tocar a terra, horizonte.
horreur	Grande medo, horror; coisa horrível.
horrible	Horroroso, horrível.
houille	Carvão de pedra, hulha.
humanisme	Pensamento que põe o ser humano no centro, humanismo.
humanité	Todos os seres humanos, humanidade; bondade.
hydrogène	Gás muito leve, hidrogênio.
hygiène	Limpeza para ficar com boa saúde, higiene.
hypocrite	Que finge, hipócrita.
hypothèse	Suposição, hipótese.
hypoténuse	Maior lado de um triângulo retângulo, hipotenusa.
hyène	Animal da África que come restos, hiena.
hélicoptère	Máquina voadora com hélice, helicóptero.
hémisphère	Metade da Terra, hemisfério.
hémorragie	Perda de sangue, hemorragia.
hérissé	Arrepiado, eriçado (pelos).
hésiter	Não saber o que escolher, hesitar.
illusion	Ideia falsa, ilusão; truque que engana os olhos.
illustre	Famoso, ilustre.
illustrer	Pôr imagens, ilustrar.
imagination	Capacidade de inventar, imaginação.
immaculé	Todo limpo, sem mancha, imaculado.
immense	Muito grande, imenso.
immédiatement	Imediatamente, agora mesmo.
impatience	Falta de paciência, impaciência.
impatient	Que não sabe esperar, impaciente.
imperméable	Que não deixa passar a água, impermeável; capa de chuva.
importance	Valor, importância.
importer	Trazer do estrangeiro, importar; contar.
impossible	Que não pode acontecer, impossível.
impression	Sentimento, impressão; texto impresso.
imprimerie	Oficina onde se imprime, gráfica.
imprudence	Falta de prudência, imprudência.
incident	Pequeno problema, incidente.
indication	Informação, indicação.
indifférent	Que nada interessa, indiferente.
indispensable	Necessário, indispensável.
industriel	Da indústria, industrial; dono de fábrica.
indépendance	Liberdade, independência.
infiniment	Enormemente, infinitamente.
infirmière	Mulher que cuida dos doentes, enfermeira.
ingratitude	Falta de reconhecimento, ingratidão.
innocent	Que não fez nada de mal, inocente.
inondation	Transbordamento de água, inundação.
inquiéter	Deixar preocupado, inquietar.
inquiétude	Preocupação, inquietação.
insister	Pedir de novo, insistir.
insomnie	Dificuldade para dormir, insônia.
installer	Pôr no lugar, instalar.
institut	Estabelecimento de pesquisa ou de ensino, instituto.
instructif	Que ensina coisas, instrutivo.
instruction	Saber, instrução; orientação.
intelligence	Capacidade de compreender, inteligência.
intelligent	Que compreende rápido, inteligente.
intense	Muito forte, intenso.
interpeller	Chamar alguém com vivacidade, interpelar.
interroger	Fazer perguntas, interrogar.
interrompre	Cortar a fala, interromper; parar.
intrigué	Curioso para saber, intrigado.
introduction	Começo de um texto, introdução.
introduire	Fazer entrar, introduzir.
intéressant	Que interessa, interessante.
intéresser	Cativar, interessar.
invitation	O fato de convidar, convite.
jacinthe	Flor de primavera perfumada, jacinto.
jaillir	Sair com força, jorrar.
javel	Produto que desinfeta, água sanitária.
joncher	Cobrir o chão, juncar.
jonquille	Flor amarela de primavera, junquilho.
joyeusement	Com alegria, alegremente.
kermesse	Festa da escola, quermesse.
kilogramme	Mil gramas, quilograma.
laboratoire	Sala onde se fazem experiências, laboratório.
labyrinthe	Caminho onde a gente se perde, labirinto.
laisser	Não pegar, deixar; permitir.
lamentable	Muito ruim, lamentável.
larve	Inseto no começo da vida, larva.
laïcité	Separação entre o Estado e as religiões, laicidade.
littérature	Os livros e as obras escritas, literatura.
longtemps	Por muito tempo.
longuement	Por bastante tempo.
lèpre	Doença grave da pele, lepra.
légal	Permitido pela lei, legal.
légèrement	Um pouco, levemente.
maintenant	Neste momento, agora.
majestueux	Grande e impressionante, majestoso.
malheureusement	Por azar, infelizmente.
malheureux	Triste, infeliz.
manifester	Mostrar, manifestar; desfilar para protestar.
manoeuvrer	Fazer movimentos para conduzir, manobrar.
manoir	Castelinho, solar.
marchander	Discutir o preço, pechinchar.
marchandise	O que se vende, mercadoria.
marguerite	Flor branca de miolo amarelo, margarida.
marraine	Mulher que se compromete com uma criança no batismo, madrinha.
marron	Cor castanha, marrom; semente grande e brilhante, castanha.
marronnier	Árvore que dá castanhas, castanheiro.
maussade	Triste, mal-humorado.
maîtresse	Professora.
merveilleusement	De um jeito maravilhoso.
merveilleux	Magnífico, maravilhoso.
messager	Pessoa que leva uma mensagem, mensageiro.
micro	Aparelho que capta a voz, microfone.
microscope	Instrumento para ver coisas minúsculas, microscópio.
millimètre	Milésima parte do metro, milímetro.
mixte	Para meninos e meninas, misto.
moelleux	Macio e mole, fofo.
moisir	Ficar coberto de mofo, mofar.
moissonneur	Pessoa que faz a colheita, ceifeiro.
moite	Um pouco úmido.
monarchie	País governado por um rei, monarquia.
monastère	Casa dos monges, mosteiro.
monnaie	Dinheiro, moeda; trocado.
monseigneur	Título dado a um bispo ou a um príncipe.
mouiller	Deixar úmido, molhar.
multicolore	De várias cores, multicolorido.
mutuel	Recíproco, mútuo.
myosotis	Florzinha azul, não-me-esqueças.
myrtille	Bagazinha azul, mirtilo.
mystérieux	Cheio de mistério, misterioso.
mythologie	Histórias dos deuses antigos, mitologia.
mélancolie	Tristeza suave, melancolia.
mélancolique	Triste e sonhador, melancólico.
métaphore	Imagem para dizer outra coisa (une pluie de baisers: uma chuva de beijos), metáfora.
méthode	Jeito de fazer, método.
météorite	Pedra caída do espaço, meteorito.
narcisse	Flor branca ou amarela, narciso.
national	Do país, nacional.
naufrage	Barco que afunda, naufrágio.
naval	Dos barcos, naval.
nerveux	Agitado, tenso, nervoso.
nettoyer	Deixar limpo, limpar.
norme	Regra, norma.
nourrir	Dar de comer, alimentar.
nourriture	O que a gente come, comida.
néanmoins	No entanto, contudo.
nébuleuse	Nuvem de gás no espaço, nebulosa.
nécessaire	Indispensável, necessário.
nécessité	Necessidade importante, coisa indispensável.
négligence	Falta de cuidado, negligência.
négligent	Que não presta atenção, negligente.
négociant	Comerciante por atacado.
oasis	Lugar com água e árvores no deserto, oásis.
obligeance	Gentileza, obsequiosidade.
obscurcir	Deixar escuro, escurecer.
observation	O fato de observar, observação.
occasion	Momento favorável, ocasião; objet d'occasion: objeto já usado.
occasionner	Causar, ocasionar.
occupation	Atividade, ocupação.
occurrence	Caso, vez em que acontece, ocorrência.
oeillet	Flor perfumada, cravo; buraquinho para um cadarço, ilhós.
offenser	Magoar, ofender.
oisillon	Passarinho filhote.
olympique	Dos Jogos Olímpicos, olímpico.
opposer	Pôr frente a frente, opor.
opération	Cálculo, operação; intervenção do cirurgião.
ordinairement	Normalmente, geralmente.
orgueilleux	Orgulhoso demais.
orthographe	Jeito correto de escrever as palavras, ortografia.
ouest	Direção onde o sol se põe, oeste.
oxygène	Gás do ar que a gente respira, oxigênio.
paillette	Pedacinho brilhante, lantejoula.
palme	Folha de palmeira, palma; nadadeira de mergulho.
pamplemousse	Fruta cítrica grande, um pouco amarga, toranja.
paranoïa	Medo doentio de que queiram nos fazer mal, paranoia.
paraître	Parecer; aparecer.
parchemin	Pele de animal onde se escrevia antigamente, pergaminho.
pardessus	Casaco de homem, sobretudo.
paresseux	Que não gosta de trabalhar, preguiçoso.
parfaitement	Totalmente, perfeitamente.
paroi	Parede, lado.
parrain	Homem que se compromete com uma criança no batismo, padrinho.
parterre	Canteiro de flores num jardim.
participer	Tomar parte, participar.
particulier	Especial, particular; pessoa privada.
particulièrement	Sobretudo, particularmente.
passager	Viajante, passageiro; que não dura.
patience	Calma para esperar, paciência.
patio	Pátio interno.
pensionnat	Escola onde se dorme, internato.
perdrix	Ave dos campos, perdiz.
perfection	O fato de ser perfeito, perfeição.
permission	Autorização, permissão.
perroquet	Ave colorida que repete as palavras, papagaio.
personnage	Pessoa numa história, personagem.
personnalité	Caráter, personalidade; pessoa famosa.
perspective	Vista ao longe, perspectiva; o que pode acontecer.
persévérer	Continuar apesar das dificuldades, perseverar.
peste	Doença grave, peste; pessoa chata.
peut-être	Possivelmente, talvez.
pharaon	Rei do Egito antigo, faraó.
philosophe	Pessoa que reflete sobre a vida, filósofo.
philosophie	Reflexão sobre o sentido da vida, filosofia.
physique	Do corpo, físico; ciência da matéria, física.
pinceau	Ferramenta para pintar, pincel.
pittoresque	Bonito e original, pitoresco.
poilu	Cheio de pelos, peludo; soldado da guerra de 14-18.
porte-plume	Cabo onde se prende a pena, caneta de pena.
possession	O que a gente possui, posse.
posséder	Ter, possuir.
poulailler	Abrigo das galinhas, galinheiro.
poulain	Filhote do cavalo, potro.
pourcentage	Número sobre cem (%), porcentagem.
pourrir	Estragar, apodrecer.
poursuivre	Correr atrás, perseguir; continuar.
primevère	Flor amarela de primavera, prímula.
principal	O mais importante, principal.
principalement	Sobretudo, principalmente.
printanier	Da primavera.
prisonnier	Pessoa trancada, prisioneiro.
probabilité	Chance de acontecer, probabilidade.
probablement	Sem dúvida, provavelmente.
procession	Desfile religioso, procissão.
prodigieux	Extraordinário, prodigioso.
prodiguer	Dar muito, prodigalizar.
professeur	Quem ensina, professor.
profession	Trabalho, profissão.
professionnel	Do ofício, profissional; que faz disso a sua profissão.
profondément	Bem fundo, profundamente; muito forte.
promettre	Dar sua palavra, prometer.
prompt	Rápido, pronto.
propriétaire	Pessoa que possui, proprietário.
prospérité	Riqueza, sucesso, prosperidade.
protection	O que protege, proteção.
providence	Sorte que cai na hora certa, providência.
précaution	Prudência, precaução.
précipiter	Jogar, precipitar; se précipiter: apressar-se.
précisément	Exatamente, precisamente.
précédent	Que vem antes, precedente, anterior.
préférence	O que a gente prefere, preferência.
préoccuper	Deixar preocupado, preocupar.
préparatif	O que a gente prepara, preparativo.
préparation	O fato de preparar, preparação.
psychiatre	Médico que cuida da mente, psiquiatra.
psychologie	Estudo da mente, psicologia.
puéril	Infantil, pueril.
pâquerette	Florzinha branca dos gramados, margarida-dos-prados.
pâtisserie	Bolos, doces; loja de bolos, confeitaria.
pénal	Que diz respeito aos castigos da lei, penal.
péniblement	Com dificuldade.
périlleux	Perigoso.
périmètre	Contorno de uma figura, perímetro.
quantité	Número, quanto, quantidade.
quartier	Parte de uma cidade, bairro; pedaço.
quelconque	Qualquer um; comum.
quelqu'un	Uma pessoa, alguém.
quelquefois	Às vezes.
quinzaine	Cerca de quinze; duas semanas, quinzena.
quotidien	De cada dia, cotidiano; jornal diário.
rafle	Prisão de muitas pessoas pela polícia, batida policial.
rafraîchir	Deixar fresco, refrescar.
raisonnable	Comportado, sensato, razoável.
ramasser	Pegar do chão, recolher.
rapidement	Depressa, rapidamente.
rappeler	Chamar de novo; fazer lembrar.
rapport	Relação, laço; relatório.
rapporter	Trazer de volta, levar de volta.
rapprocher	Pôr mais perto, aproximar.
rassembler	Reunir.
rattraper	Pegar de novo; alcançar.
rayonner	Brilhar, irradiar; estar radiante.
rechercher	Procurar.
recommander	Aconselhar, recomendar.
recommencer	Fazer de novo, recomeçar.
reconduire	Acompanhar de volta.
reconnaître	Saber quem é, reconhecer; admitir.
recueillir	Acolher; recolher.
recul	Movimento para trás, recuo.
redescendre	Descer de novo.
redresser	Endireitar, pôr reto.
regretter	Sentir pesar, lamentar.
relativement	Bastante, relativamente.
relief	Calombos e buracos do solo, relevo.
remarquable	Extraordinário, notável.
remerciement	Agradecimento, obrigado.
renaissance	Novo nascimento; época depois da Idade Média, Renascimento.
renaître	Viver de novo, renascer.
rencontrer	Ver alguém, encontrar.
rendez-vous	Encontro marcado, compromisso.
renfermer	Conter, encerrar.
renouveler	Fazer de novo, substituir, renovar.
renouvellement	O fato de renovar, renovação.
renseignement	Informação.
renseigner	Informar.
renvoyer	Enviar de volta; mandar embora.
reparaître	Voltar a aparecer.
repli	Recuo, retirada.
repousser	Empurrar para trás, repelir; adiar.
représentation	Espetáculo, apresentação; imagem.
représenter	Mostrar, representar; substituir alguém.
respectueux	Educado, que respeita, respeitoso.
resplendir	Brilhar muito forte, resplandecer.
responsabilité	Obrigação de responder pelos seus atos, responsabilidade.
ressembler	Ser igual, parecer-se.
ressentir	Sentir.
ressort	Peça em espiral que quica, mola.
ressource	Meio, recurso; riqueza.
retrousser	Arregaçar (as mangas).
rhinocéros	Animal grande com chifre no nariz, rinoceronte.
rhumatisme	Dor nas articulações, reumatismo.
rituel	Hábito, ritual; cerimônia.
rival	Concorrente, rival.
ronronner	Fazer um barulho suave, como o gato contente, ronronar.
rosir	Ficar rosa, corar.
rouiller	Ficar coberto de ferrugem, enferrujar.
rugir	Gritar, para o leão, rugir.
ruisseler	Escorrer como um riacho.
ruisselet	Riachinho.
rural	Do campo, rural.
rythme	Cadência, ritmo.
réception	Acolhida, recepção; festa.
réchauffer	Deixar quente, esquentar de novo.
récompense	O que a gente recebe por ter feito bem, recompensa.
récompenser	Dar uma recompensa, recompensar.
réconforter	Consolar, reconfortar.
récréation	Pausa para brincar na escola, recreio.
réellement	De verdade, realmente.
réfectoire	Sala onde se come na escola, refeitório.
réflexion	Pensamento, reflexão; reflexo.
régir	Dirigir, reger.
régner	Governar como rei, reinar.
régulièrement	Com frequência, de forma regular, regularmente.
répandre	Espalhar; fazer saber.
république	País dirigido por eleitos, república.
résigner	Se résigner: aceitar sem lutar, resignar-se.
résistance	Força para resistir, resistência.
résolution	Decisão, resolução; solução.
résonner	Devolver o som, ressoar.
réussir	Conseguir fazer, ter sucesso.
réveiller	Tirar do sono, acordar.
révolution	Grande mudança, revolução; revolta.
rôtir	Assar no forno.
s'absenter	Ausentar-se por um momento.
s'agenouiller	Pôr-se de joelhos, ajoelhar-se.
s'efforcer	Fazer um esforço, esforçar-se.
s'emparer	Tomar à força, apoderar-se.
s'empresser	Apressar-se em fazer.
s'écrouler	Cair de uma vez, desabar.
s'éloigner	Ir mais longe, afastar-se.
s'évanouir	Perder os sentidos, desmaiar.
saigner	Perder sangue, sangrar.
salve	Tiros ao mesmo tempo, salva; salve d'applaudissements: salva de palmas.
satisfaction	Contentamento, satisfação.
satisfaire	Deixar contente, satisfazer.
science	Conhecimentos sobre o mundo, ciência.
scientifique	Da ciência, científico; cientista.
scintiller	Brilhar piscando, cintilar.
seigneurie	Terras de um senhor, senhorio.
sifflement	Barulho agudo, assobio.
siffler	Fazer um som agudo com a boca, assobiar.
sifflet	Pequeno instrumento que apita, apito.
silencieusement	Sem barulho, silenciosamente.
silencieux	Calmo, sem barulho, silencioso.
silhouette	Forma, contorno, silhueta.
sillonner	Percorrer em todas as direções.
simplement	De jeito simples, simplesmente.
simplicité	O fato de ser simples, simplicidade.
sincèrement	Honestamente, sinceramente.
sincérité	Franqueza, sinceridade.
soigneusement	Com cuidado.
soigneux	Que presta atenção, cuidadoso.
solde	Preços reduzidos, liquidação, saldo.
solennel	Sério e oficial, solene.
solliciter	Pedir, solicitar.
solstice	Dia mais longo ou mais curto do ano, solstício.
sommeil	O fato de dormir, sono.
souffler	Fazer sair o ar, soprar.
souffrance	Dor, sofrimento.
souhaiter	Desejar.
souiller	Sujar, manchar.
soupçonner	Achar que alguém é culpado, suspeitar.
souterrain	Debaixo da terra, subterrâneo.
soutien	Ajuda, apoio.
soviet	Conselho operário na Rússia antigamente, soviete.
soyeux	Macio como a seda, sedoso.
splendide	Magnífico, esplêndido.
spécialement	De propósito, especialmente.
stage	Período de formação, estágio.
stand	Pequeno espaço de exposição, estande.
stationner	Estacionar.
statistique	Números que resumem, estatística.
store	Cortina que se enrola, persiana.
stupéfaction	Grande espanto.
subitement	De repente, subitamente.
succulent	Delicioso, suculento.
suffire	Ser o bastante, bastar.
suffisant	Bastante, suficiente.
supplier	Pedir com insistência, suplicar.
supporter	Aguentar, suportar; torcer por um time.
supposer	Imaginar que, supor.
surprendre	Espantar, surpreender; flagrar.
surveillance	O fato de vigiar, vigilância.
surveiller	Ficar de olho, vigiar.
symbole	Sinal que representa, símbolo.
sympathique	Agradável, gentil, simpático.
symptôme	Sinal de uma doença, sintoma.
symétrie	Igual dos dois lados, simetria.
séminaire	Escola para ser padre, seminário; reunião de estudo.
sérieusement	Com seriedade, seriamente.
sévèrement	Com dureza, severamente.
sûrement	Com certeza, certamente.
tacheter	Cobrir de pequenas manchas, pintalgar.
tailler	Cortar para dar uma forma, talhar, aparar.
taillis	Árvores pequenas apertadas, moita.
tapisser	Cobrir com papel de parede, forrar.
tardif	Que chega tarde, tardio.
tarif	Preço, tarifa.
tarir	Parar de correr, secar.
tartelette	Tortinha.
tellement	Tanto, tão.
température	Calor ou frio medidos, temperatura.
tendrement	Com ternura.
terne	Sem brilho, fosco.
ternir	Fazer perder o brilho, embaçar.
terrasse	Plataforma ao ar livre, terraço.
thermomètre	Instrumento que mede a temperatura, termômetro.
thérapie	Tratamento, terapia.
théâtre	Espetáculo encenado por atores, teatro.
tibia	Osso da perna, tíbia.
tilleul	Árvore da qual se faz um chá, tília.
tonnerre	Barulho da tempestade, trovão.
torrent	Rio rápido de montanha, torrente.
torse	Parte de cima do corpo, tronco.
touffu	Espesso, denso.
tourbillon	Movimento que gira rápido, redemoinho.
tourmenter	Fazer sofrer, atormentar; preocupar.
tournoyer	Girar sobre si mesmo, rodopiar.
toutefois	No entanto, todavia.
tracé	Linha desenhada, traçado.
traditionnel	Que segue a tradição, tradicional.
traitement	Cuidado médico, tratamento.
trajectoire	Caminho seguido, trajetória.
tranquille	Calmo, tranquilo.
tranquillement	Calmamente, tranquilamente.
transformation	Mudança, transformação.
transformer	Mudar, transformar.
transmettre	Fazer passar, transmitir.
transparent	Que a gente vê através, transparente.
transporter	Deslocar, transportar.
travailler	Fazer um trabalho, trabalhar.
travailleur	Que trabalha duro, trabalhador.
traîneau	Veículo sobre a neve, trenó.
tressaillir	Sobressaltar-se, estremecer.
trier	Separar, selecionar.
triompher	Ganhar, triunfar.
trotter	Andar a trote, trotar.
trottoir	Beira da rua para os pedestres, calçada.
turbulent	Agitado, turbulento.
télégramme	Mensagem enviada bem rápido, antigamente, telegrama.
téléphoner	Chamar pelo telefone, telefonar.
témoignage	Relato de uma testemunha, testemunho.
ténèbres	Escuridão, trevas.
universel	Para todos, universal.
vagabond	Pessoa que vaga sem casa, vagabundo.
vainqueur	Ganhador, vencedor.
vaisselle	Pratos, copos; lavá-los, louça.
valse	Dança em três tempos, valsa.
verbal	Oral; do verbo, verbal.
verbe	Palavra que diz a ação (manger, courir), verbo.
verdoyant	Cheio de verde, verdejante.
vieillard	Homem idoso, velho.
vieillesse	Idade avançada, velhice.
villageois	Habitante do vilarejo, aldeão.
virus	Micróbio que deixa doente, vírus.
visuel	Da visão, visual.
vital	Indispensável para viver, vital.
vocabulaire	As palavras que a gente conhece, vocabulário.
vocal	Da voz, vocal.
volaille	Aves da fazenda, aves domésticas.
volontiers	Com prazer, de bom grado.
vulgaire	Grosseiro, vulgar.
végétation	Plantas, vegetação.
xénophobie	Ódio aos estrangeiros, xenofobia.
zoologie	Ciência dos animais, zoologia.
ébranler	Sacudir, fazer tremer, abalar.
échantillon	Pedacinho para experimentar, amostra.
éclabousser	Jogar água, respingar.
économiser	Guardar dinheiro, economizar.
écrivain	Pessoa que escreve livros, escritor.
écureuil	Animalzinho ruivo de cauda peluda, esquilo.
électricité	Energia que faz funcionar os aparelhos, eletricidade.
électrique	Que funciona com eletricidade, elétrico.
électron	Partícula minúscula que gira em volta do átomo, elétron.
émerveiller	Encher de admiração, maravilhar.
énormément	Muito, enormemente.
épargner	Economizar, poupar; não fazer mal.
éphémère	Que dura pouco, efêmero.
épouvantable	Horrível, pavoroso.
épouvanter	Dar muito medo, apavorar.
équilatéral	Triângulo de três lados iguais, equilátero.
équinoxe	Dia em que o dia e a noite duram o mesmo tempo, equinócio.
éteindre	Parar o fogo ou a luz, apagar.
étincelant	Que brilha forte, cintilante.
étinceler	Brilhar, cintilar.
étonnement	Surpresa, espanto.
étouffer	Não conseguir mais respirar, sufocar.
étrennes	Presentes de Ano-Novo.
évidemment	Claro, evidentemente.
événement	O que acontece, acontecimento, evento.
