abdiquer	Renunciar ao poder, abdicar.
ablution	Lavagem (muitas vezes religiosa), ablução.
abreuvoir	Tanque onde os animais bebem, bebedouro.
acariâtre	Ranzinza e desagradável, rabugento.
acrobatie	Exercício de acrobata, acrobacia.
admiratif	Cheio de admiração.
adoption	O fato de adotar, adoção.
adorateur	Pessoa que adora, adorador.
adversité	Azar, dificuldades, adversidade.
affectif	Dos sentimentos, afetivo.
affermir	Tornar mais firme, firmar.
agitateur	Pessoa que incita à revolta, agitador.
aigrelet	Um pouco azedo.
aimanter	Tornar magnético, imantar.
alanguir	Deixar mole, sem energia, lânguido.
alarmant	Preocupante, alarmante.
alchimie	Antiga ciência que tentava fabricar ouro, alquimia.
algarade	Briga repentina, discussão.
algérien	Da Argélia, argelino.
almanach	Calendário com conselhos, almanaque.
alourdir	Tornar mais pesado.
alsacien	Da Alsácia, alsaciano.
aléatoire	Devido ao acaso, aleatório.
amalgame	Mistura, amálgama; confusão.
amandier	Árvore de amêndoas, amendoeira.
amenuiser	Diminuir, reduzir.
amirauté	Comando da marinha, almirantado.
amnistie	Perdão geral decidido pela lei, anistia.
analogie	Semelhança, analogia.
analogue	Semelhante, análogo.
animateur	Pessoa que anima, animador.
animosité	Hostilidade, animosidade.
anomalie	O que não é normal, anomalia.
antichar	Contra os tanques de guerra.
antilope	Animal veloz da África com chifres, antílope.
antipode	Lugar da Terra exatamente oposto, antípoda.
aquatique	Da água, aquático.
arabesque	Motivo de curvas, arabesco.
arbalète	Arco montado numa coronha, besta.
archiduc	Príncipe da Áustria, arquiduque.
archipel	Grupo de ilhas, arquipélago.
armateur	Dono de navios, armador.
armature	Esqueleto que sustenta, armação.
armoirie	Brasão.
armurier	Comerciante ou fabricante de armas, armeiro.
arquebuse	Antiga espingarda, arcabuz.
arrosoir	Recipiente para regar, regador.
artisanal	Feito à mão, artesanal.
asiatique	Da Ásia, asiático.
aspérité	Pequena saliência, aspereza.
asservir	Tornar escravo, escravizar.
auditoire	Público que escuta, auditório.
auréoler	Rodear de uma auréola; glorificar.
austérité	Severidade, austeridade; economias.
automate	Máquina que imita o ser humano, autômato.
automnal	Do outono.
autonome	Independente, autônomo.
aversion	Nojo, aversão.
aérogare	Prédio do aeroporto, terminal.
aéroplane	Avião antigo, aeroplano.
babouche	Chinelo oriental, babucha.
bachelier	Pessoa que passou no bac (exame do fim do liceu).
balafrer	Ferir no rosto.
balancier	Peça que oscila, pêndulo.
balayeur	Pessoa que varre as ruas, gari.
balbutier	Falar hesitando, balbuciar.
baldaquin	Teto de tecido acima de uma cama, baldaquino.
baliverne	Bobagem.
baluchon	Pequeno embrulho de roupas, trouxa.
banquise	Gelo sobre o mar, banquisa.
barbiche	Barba pequena, cavanhaque.
barboter	Agitar-se na água, chapinhar.
baromètre	Instrumento que prevê o tempo, barômetro.
batelier	Condutor de barco, barqueiro.
baudrier	Cinto de escalada, talabarte.
bavarois	Da Baviera, bávaro; sobremesa, bavaroise.
bergerie	Abrigo das ovelhas, aprisco.
berlingot	Bala; embalagem.
berlinois	De Berlim, berlinense.
bifurquer	Mudar de direção, bifurcar.
bigorneau	Pequeno molusco marinho, litorina.
bijoutier	Comerciante de joias, joalheiro.
biscornu	Esquisito, torto.
biscotte	Pão torrado seco, torrada.
bistouri	Faca de cirurgião, bisturi.
bleuâtre	Um pouco azul, azulado.
blondeur	Cor loira, loirice.
boiserie	Painéis de madeira, lambri.
bouderie	O fato de ficar emburrado, amuo.
bougeoir	Suporte de vela, castiçal.
bourgade	Pequeno povoado, vilarejo.
branchage	Galhos, ramagem.
brassard	Faixa no braço, braçadeira.
bravement	Corajosamente, bravamente.
breloque	Joia pequena pendurada, berloque.
breuvage	Bebida, beberagem.
bricolage	Pequenos trabalhos manuais.
brodequin	Sapato grosso que sobe pela perna, botina.
broderie	Desenho feito com linha, bordado.
bronchite	Doença dos brônquios, com tosse, bronquite.
bronzage	Pele morena de sol, bronzeado.
brunâtre	Um pouco marrom, amarronzado.
bréviaire	Livro de orações do padre, breviário.
buanderie	Cômodo para lavar a roupa, lavanderia.
burlesque	Cômico e absurdo, burlesco.
béatitude	Felicidade perfeita, beatitude.
bénitier	Pia de água benta, benditeira.
bénévole	Que ajuda sem ser pago, voluntário.
cabriolet	Carro conversível, cabriolé.
cachemire	Lã muito macia, caxemira.
cacheter	Fechar uma carta, lacrar.
cadastral	Do cadastro.
cadastre	Planta oficial dos terrenos, cadastro.
cafetier	Dono de café.
calamité	Catástrofe, calamidade.
calciner	Queimar completamente, calcinar.
calembour	Jogo de palavras, trocadilho.
calomnier	Dizer mentiras para prejudicar, caluniar.
calvitie	Perda dos cabelos, calvície.
cambouis	Graxa preta.
camembert	Queijo redondo e cremoso, camembert.
camisole	Camisola; camisole de force: camisa de força.
campanile	Campanário separado da igreja.
canadien	Do Canadá, canadense.
canaliser	Dirigir, canalizar.
canicule	Calor forte, canícula.
canotier	Chapéu de palha, chapéu-panamá.
capeline	Chapéu grande e macio, capelina.
captivant	Apaixonante, cativante.
caqueter	Cacarejar (galinha); tagarelar.
caracoler	Saltitar alegremente, caracolar.
carcéral	Da prisão, carcerário.
carlingue	Corpo do avião, fuselagem.
carpette	Tapetinho.
cascader	Cair em cascata.
catacombe	Subterrâneo onde se enterravam os mortos, catacumba.
cataracte	Grande queda de água, catarata; doença do olho.
causerie	Conversa, bate-papo.
cavalcade	Corrida barulhenta, cavalgada.
censurer	Proibir, censurar.
centième	Número cem, centésimo.
certifier	Garantir, certificar.
chagriner	Deixar triste, magoar.
chaloupe	Barco de salvamento, chalupa.
champêtre	Do campo, campestre.
chandail	Suéter, pulôver.
chanoine	Padre ligado a uma catedral, cônego.
charabia	Linguagem incompreensível, algaravia.
charmeur	Sedutor, encantador.
charnière	Peça que faz girar uma porta, dobradiça.
charpente	Estrutura de madeira de um telhado, armação.
chasuble	Roupa do padre na missa, casula.
cheminer	Avançar devagar, caminhar.
cheminot	Funcionário das estradas de ferro, ferroviário.
chevalet	Suporte do pintor, cavalete.
chevalin	Do cavalo, equino.
chevreau	Filhote da cabra, cabrito.
chicorée	Salada, chicória; bebida.
chimiste	Especialista em química, químico.
chuinter	Fazer um barulho de « ch », sibilar.
chérubin	Anjinho, querubim.
cimenter	Cobrir de cimento; reforçar, cimentar.
cinéaste	Diretor de filmes, cineasta.
clairsemé	Pouco apertado, esparso, ralo.
clapoter	Fazer pequenas ondas.
clapotis	Barulho de pequenas ondas, marulho.
classeur	Pasta para guardar folhas, fichário.
clavecin	Antigo instrumento de teclado, cravo.
clepsydre	Relógio de água, clepsidra.
clinique	Hospital particular, clínica.
cliqueter	Fazer barulhinhos, tilintar.
cliquetis	Barulhinhos metálicos, tilintar.
clocheton	Pequeno campanário, torreta.
cloporte	Bichinho cinza de muitas patas, tatuzinho-de-jardim.
cloîtrer	Trancar, enclausurar.
clémence	Indulgência, clemência.
clôturer	Fechar; terminar, encerrar.
coaguler	Endurecer (sangue), coagular.
cocotier	Palmeira de coco, coqueiro.
colmater	Tapar, vedar.
coloniser	Ocupar um país, colonizar.
colporter	Espalhar, propagar; vender de porta em porta.
comestible	Que a gente pode comer, comestível.
comparse	Cúmplice, figurante.
compatir	Partilhar a dor, compadecer-se.
compulser	Consultar, folhear.
comédien	Ator, comediante.
concerter	Se concerter: pôr-se de acordo, combinar.
concerto	Peça para solista e orquestra, concerto.
concilier	Pôr de acordo, conciliar.
conforter	Reforçar, confortar.
conscrit	Jovem soldado, recruta.
consulat	Escritório de um cônsul, consulado.
contexte	Situação em volta, contexto.
converger	Ir em direção ao mesmo ponto, convergir.
converser	Conversar.
convoyer	Acompanhar, escoltar.
convulsif	Brusco, espasmódico, convulsivo.
cordelier	Monge franciscano.
cordialité	Gentileza, cordialidade.
cornette	Touca de freira.
cornichon	Pepino pequeno em conserva de vinagre, picles.
corporel	Do corpo, corporal.
corpulent	Gordo e grande, corpulento.
corsaire	Pirata a serviço de um rei, corsário.
corvette	Pequeno navio de guerra, corveta.
costumer	Fantasiar.
coudrier	Aveleira.
couleuvre	Serpente sem veneno, cobra-d'água.
couperet	Lâmina da guilhotina, cutelo.
courbure	Forma curva, curvatura.
coursier	Entregador; cavalo, corcel.
coursive	Corredor de barco.
courtier	Intermediário, corretor.
courtine	Muralha entre duas torres, cortina.
coutumier	Habituado, costumeiro.
couvrant	Que cobre.
crachoter	Cuspir um pouco.
cramoisi	Vermelho escuro, carmesim.
craqueler	Rachar, craquelar.
cravache	Chicote de cavaleiro, chibata.
crocheter	Abrir sem chave, arrombar.
crécelle	Instrumento que faz um barulho seco, matraca.
crédulité	O fato de acreditar em tudo, credulidade.
cuissard	Bermuda de ciclista.
culinaire	Da cozinha, culinário.
culminant	O mais alto, culminante.
cupidité	Amor ao dinheiro, cupidez.
dandiner	Se dandiner: balançar-se ao andar, rebolar.
derechef	De novo.
derviche	Religioso muçulmano que dança girando, dervixe.
desserte	Mesinha; serviço de transporte.
devanture	Vitrine, fachada de loja.
dextérité	Habilidade, destreza.
diagonale	Linha de um canto ao outro, diagonal.
dialecte	Língua regional, dialeto.
dialoguer	Conversar, dialogar.
diamètre	Linha que atravessa o círculo pelo centro, diâmetro.
diaphane	Quase transparente, diáfano.
diatribe	Crítica violenta, diatribe.
difforme	Deformado, disforme.
digestif	Da digestão, digestivo.
diligence	Carruagem de cavalos, diligência; rapidez.
diplomate	Representante de um país, diplomata; habilidoso.
directoire	Direção; governo em 1795, Diretório.
discorde	Desacordo, discórdia.
discourir	Falar por muito tempo, discursar.
disculper	Provar a inocência, inocentar.
disjoint	Separado, disjunto.
disloquer	Desmontar, deslocar.
disparate	Mal combinado, díspar.
dispersion	Espalhamento, dispersão.
distancer	Deixar para trás, distanciar.
district	Região, distrito.
divergent	Que se afasta, divergente.
divulguer	Revelar, divulgar.
djellaba	Túnica comprida do norte da África, djelaba.
docilité	Obediência, docilidade.
doctorat	Diploma muito elevado, doutorado.
dodeliner	Balançar a cabeça.
doléance	Queixa, reclamação.
dominical	Do domingo, dominical.
donateur	Pessoa que doa, doador.
dorloter	Mimar.
douanier	Agente da alfândega.
douceâtre	De uma doçura sem graça, adocicado.
douzième	Número doze, décimo segundo.
draperie	Tecido drapeado, drapeado.
dressage	Educação de um animal, adestramento.
droiture	Honestidade, retidão.
drôlerie	Coisa engraçada, graça.
dubitatif	Que duvida, dubitativo.
dynamite	Explosivo, dinamite.
débandade	Fuga em desordem, debandada.
débander	Tirar uma bandagem, desenfaixar.
déblayer	Desobstruir, limpar.
débouché	Saída; possibilidade de emprego.
déboucler	Desfazer uma fivela, desafivelar.
débrider	Libertar, soltar as rédeas.
débusquer	Fazer sair do esconderijo, desentocar.
décamper	Sair depressa, fugir.
décharner	Deixar muito magro, descarnar.
déclamer	Recitar com ênfase, declamar.
déclinant	Que diminui, declinante.
décocher	Lançar, disparar.
décolorer	Tirar a cor, descolorir.
décoratif	Que decora, decorativo.
découdre	Desfazer a costura, descosturar.
découpage	Ação de recortar, recorte.
décroiser	Desfazer o que estava cruzado, descruzar.
décroître	Diminuir, decrescer.
décupler	Multiplicar por dez, decuplicar.
dédicace	Palavra escrita pelo autor num livro, dedicatória.
dédoubler	Separar em dois, desdobrar.
défensif	Que defende, defensivo.
défensive	Sur la défensive: pronto para se defender, na defensiva.
défiance	Desconfiança.
défrayer	Pagar as despesas, custear.
défricher	Preparar uma terra para cultivar, desbravar.
défroque	Roupas velhas.
déférence	Respeito, deferência.
déférent	Respeitoso, deferente.
dégainer	Sacar sua arma, desembainhar.
dégauchir	Endireitar, aplainar.
déglutir	Engolir, deglutir.
dégorger	Transbordar, expelir; esvaziar.
dégrafer	Desfazer os colchetes, desabotoar.
déguerpir	Sair depressa, fugir.
dégénérer	Degradar-se, degenerar.
délation	Denúncia, delação.
délectable	Delicioso, deleitável.
délecter	Se délecter: saborear, deleitar-se.
délester	Aliviar, descarregar.
délimiter	Fixar os limites, delimitar.
démesuré	Enorme, desmedido.
démordre	Ne pas en démordre: não mudar de ideia, insistir.
départir	Se départir: abandonar, desistir.
déplaisir	Contrariedade, desprazer.
dépotoir	Depósito de lixo, lixão.
déraciner	Arrancar com as raízes, desarraigar.
dérapage	Escorregão, derrapagem.
dérobade	Fuga, esquiva.
désarmant	Comovente, desarmante.
désavouer	Renegar, desautorizar.
désoeuvré	Que não tem nada para fazer, ocioso.
désolant	Triste, desolador.
détraquer	Desregular, estragar.
détremper	Molhar, encharcar.
détriment	Au détriment de: em prejuízo de.
dévaliser	Roubar tudo, assaltar.
dévorant	Que devora, devorador.
effectif	Real, efetivo; número de pessoas.
embardée	Desvio brusco.
emboîter	Encaixar.
empiéter	Invadir, avançar sobre.
empêtrer	Embaraçar, enredar.
encolure	Pescoço do cavalo; gola.
endiguer	Conter, represar.
endurcir	Tornar duro, endurecer.
enfilade	Sequência em linha, fileira.
enjamber	Passar por cima, transpor.
enjambée	Passo grande, passada.
enjôleur	Sedutor, lisonjeador.
enlaidir	Tornar feio, enfear.
entacher	Sujar, manchar.
enticher	S'enticher: apegar-se de repente, engraçar-se.
entêtant	Que sobe à cabeça, inebriante.
enviable	Que a gente inveja, invejável.
envoûter	Enfeitiçar, encantar.
ermitage	Lugar isolado onde vive um eremita, ermida.
escabeau	Escadinha, banquinho.
escamoter	Fazer desaparecer, surrupiar.
escarpin	Sapato elegante, escarpim.
escrimer	S'escrimer: esforçar-se, empenhar-se.
estimable	Que merece estima, estimável.
estivant	Veranista, turista de verão.
estuaire	Foz de um rio, estuário.
exaction	Violência, extorsão.
excepter	Pôr de lado, excetuar.
exclamer	S'exclamer: gritar, exclamar.
excusable	Que a gente pode perdoar, desculpável.
existant	Que existe, existente.
exorciser	Expulsar um demônio, exorcizar.
exorcisme	Cerimônia para expulsar um demônio, exorcismo.
exotisme	Encanto dos países distantes, exotismo.
explicite	Claro, explícito.
explosif	Que explode, explosivo.
expulsion	Envio para fora, expulsão.
expéditif	Rápido, expeditivo.
extasier	S'extasier: maravilhar-se, extasiar-se.
exténuer	Esgotar, extenuar.
exécrable	Detestável, execrável.
exécutif	Que aplica as leis, executivo.
faiblard	Um pouco fraco, fraquinho.
fainéant	Preguiçoso, vadio.
famélique	Faminto, esfomeado.
fanatique	Apaixonado em excesso, fanático.
fanatisme	Paixão cega, fanatismo.
fantasque	Caprichoso, excêntrico.
fastueux	Luxuoso, suntuoso.
fatalisme	Ideia de que tudo está escrito de antemão, fatalismo.
fataliste	Que aceita o destino, fatalista.
fatidique	Fixado pelo destino, fatídico.
favorite	Preferida, favorita.
fermenter	Transformar-se (vinho, massa), fermentar.
figurine	Estatueta, figurinha.
filament	Fio muito fino, filamento.
filiforme	Muito fino, filiforme.
filigrane	Desenho visível por transparência, marca-d'água, filigrana.
financer	Pagar, financiar.
fioriture	Enfeite, floreio.
fixation	Fixação, prendedor.
flageoler	Tremer (pernas), bambear.
flambant	Flambant neuf: novinho em folha.
flambeur	Que gasta muito, esbanjador.
flancher	Fraquejar.
flanelle	Tecido macio, flanela.
floraison	Época das flores, floração.
flotteur	Objeto que flutua, boia.
flânerie	Passeio tranquilo, flanagem.
fondateur	Pessoa que criou, fundador.
fournaise	Fogo intenso, fornalha.
fracture	Osso quebrado, fratura.
fraîchir	Ficar fresco, refrescar.
friction	Atrito, fricção.
fringale	Fome grande, larica.
fringant	Cheio de elegância, garboso.
frivolité	Leviandade, frivolidade.
froidure	Frio.
frôlement	Leve contato, roçadura.
fulgurant	Muito rápido, fulgurante.
fulminer	Estar com muita raiva, fulminar.
funambule	Artista que anda sobre um fio, funâmbulo.
fureteur	Curioso, bisbilhoteiro.
furibond	Furioso.
futilité	Coisa sem importância, futilidade.
fébrilité	Agitação, febrilidade.
féerique	Mágico, feérico.
féministe	Que defende os direitos das mulheres, feminista.
gabardine	Capa de chuva, gabardine.
galopade	Corrida a galope, galopada.
galopant	Que aumenta rápido, galopante.
gangrène	Apodrecimento de uma parte do corpo, gangrena.
garnement	Criança travessa, moleque.
gazogène	Aparelho que fabrica gás, gasogênio.
genièvre	Fruta azul pequena de um arbusto, zimbro.
glacière	Caixa fria, geladeira portátil.
gladiateur	Lutador romano, gladiador.
glissade	O fato de escorregar, escorregão.
gloriole	Pequena vaidade, glória fútil.
goguenard	Zombeteiro, debochado.
goinfrer	Se goinfrer: comer demais, empanturrar-se.
gondoler	Deformar-se, empenar.
graminée	Planta como o capim ou o trigo, gramínea.
gratifier	Recompensar, gratificar.
gratuité	O fato de ser de graça, gratuidade.
grenadier	Árvore de romãs, romãzeira; soldado, granadeiro.
grenadine	Xarope vermelho, groselha.
grimacer	Fazer caretas.
grimpant	Que sobe, trepadeira.
grisâtre	Um pouco cinza, acinzentado.
grosseur	Tamanho, grossura; caroço.
guimauve	Doce mole, marshmallow.
guimbarde	Carro velho, calhambeque.
guttural	Da garganta, gutural.
guéridon	Mesinha redonda, guéridon.
géniteur	Pai, genitor.
généralité	Ideia geral, generalidade.
havresac	Mochila, bornal.
hivernal	Do inverno.
huitième	Número oito, oitavo.
imagerie	Conjunto de imagens.
imaginatif	Cheio de imaginação, imaginativo.
imbroglio	Situação embaraçada, confusão.
impavide	Sem medo, impávido.
importun	Incômodo, importuno.
imposteur	Pessoa que se faz passar por outra, impostor.
impropre	Que não convém, impróprio.
impulsif	Que age sem pensar, impulsivo.
inaction	Ausência de ação, inação.
inarticulé	Mal pronunciado, inarticulado.
incartade	Pequena travessura, desatino.
inchangé	Igual, inalterado.
incolore	Sem cor, incolor.
incurable	Que não se pode curar, incurável.
incursion	Entrada rápida, incursão.
incurver	Curvar.
indemnité	Soma dada para reparar, indenização.
indicible	Que não se pode dizer, indizível.
indolent	Mole, preguiçoso, indolente.
indéfini	Que não é preciso, indefinido.
inespéré	Inesperado.
infamant	Que desonra, infamante.
infecter	Contaminar, infectar.
infester	Invadir, infestar.
infidèle	Que não é fiel, infiel.
infinité	Número sem fim, infinidade.
infortuné	Azarado, infortunado.
infusion	Chá, infusão.
ingénier	S'ingénier: procurar todos os meios, engenhar-se.
insipide	Sem gosto, insípido.
insoluble	Que não se dissolve; sem solução, insolúvel.
insurger	S'insurger: revoltar-se, insurgir-se.
intenable	Insuportável.
intensif	Intenso, intensivo.
intermède	Pausa, intervalo.
intitulé	Título.
inusable	Que não se gasta, inesgotável.
inutilité	O fato de ser inútil, inutilidade.
invective	Insulto, invectiva.
inversion	Virada ao contrário, inversão.
invétéré	Endurecido, inveterado.
inégalité	Diferença injusta, desigualdade.
ironiser	Zombar, ironizar.
jactance	Gabolice, jactância.
jalouser	Invejar.
jardinet	Jardim pequeno, jardinzinho.
jardinière	Floreira; prato de legumes.
jaunâtre	Um pouco amarelo, amarelado.
jointure	Articulação, junta.
jongleur	Artista que lança bolas, malabarista.
juridique	Do direito, jurídico.
jérémiade	Queixa, lamúria.
laconique	Breve, lacônico.
langueur	Moleza, languidez.
languide	Que esmorece, lânguido.
largesse	Generosidade.
latitude	Posição norte-sul; liberdade.
libanais	Do Líbano, libanês.
limpidité	Clareza, limpidez.
linoléum	Revestimento de chão, linóleo.
liquéfier	Tornar líquido, liquefazer.
liturgie	Desenrolar de um culto, liturgia.
lourdeur	Peso, moleza.
louvoyer	Andar em ziguezague, bordejar.
luminosité	Claridade, luminosidade.
légalité	Respeito à lei, legalidade.
légation	Representação de um país, legação.
législatif	Que faz as leis, legislativo.
légitimer	Justificar, legitimar.
légitimité	Direito, legitimidade.
lézarder	Rachar; tomar sol à toa, pegar um solzinho.
macaroni	Massa em tubos, macarrão.
machinal	Automático, maquinal.
magnolia	Árvore de flores grandes, magnólia.
maigreur	Magreza excessiva.
majuscule	Letra grande, maiúscula.
malingre	Franzino, raquítico.
malpropre	Sujo.
maléfice	Feitiço, maleficio.
mandarin	Alto funcionário chinês, mandarim; língua chinesa.
mandibule	Mandíbula.
manigance	Pequena esperteza, artimanha.
manucure	Cuidado das unhas, manicure.
maquisard	Resistente do maquis, guerrilheiro.
marchant	Que anda.
marcheur	Pessoa que anda, caminhante.
margelle	Borda de um poço.
marginal	À margem, marginal.
marmelade	Compota, marmelada.
marocain	Do Marrocos, marroquino.
maroquin	Couro de cabra, marroquim.
martinet	Ave, andorinhão; chicotinho.
marxisme	Doutrina de Karl Marx, marxismo.
marxiste	Partidário do marxismo, marxista.
mascarade	Fantasia, mascarada; comédia.
mastiquer	Mastigar.
maugréer	Resmungar.
mauresque	Mouro, do norte da África, mourisco.
membrane	Pele fina, membrana.
mercerie	Loja de linhas e botões, armarinho.
meurtrir	Machucar, ferir.
milicien	Membro de uma milícia, miliciano.
militant	Que luta por uma ideia, militante.
mimétisme	Imitação, mimetismo.
minauder	Fazer trejeitos, fazer cera.
minimiser	Reduzir, minimizar.
ministériel	De um ministro, ministerial.
minorité	Pequeno número, minoria; infância.
minuterie	Sistema que apaga sozinho, temporizador.
miroitant	Que brilha, reluzente.
miroiter	Refletir a luz, cintilar.
mobilité	Capacidade de se mexer, mobilidade.
modalité	Maneira, modalidade.
momentané	Temporário, momentâneo.
momifier	Transformar em múmia, mumificar.
monarque	Rei, monarca.
mondanité	Vida social, mundanidade.
monocorde	Em um único tom, monocórdio.
monotonie	Tédio, monotonia.
monticule	Pequena elevação, montículo.
monétaire	Da moeda, monetário.
moulinet	Movimento circular, molinete; aparelho de pesca, carretilha.
moustachu	Que tem bigode, bigodudo.
moutarde	Molho picante amarelo, mostarda.
mâchefer	Resíduo de carvão, escória.
médisance	Crítica maldosa, maledicência.
méditatif	Pensativo, meditativo.
méprisable	Que merece desprezo, desprezível.
méprisant	Que despreza, desdenhoso.
méridional	Do sul, meridional.
méritant	Que merece, meritório.
méritoire	Digno de elogio, meritório.
nageoire	Asa do peixe, nadadeira.
narquois	Zombeteiro, irônico.
nautique	Da navegação, náutico.
nestorien	De uma antiga Igreja cristã do Oriente, nestoriano.
niaiserie	Bobagem, tolice.
noblement	Com dignidade, nobremente.
noirceur	Cor preta, negrume; maldade.
noirâtre	Um pouco preto, enegrecido.
nordique	Do norte, nórdico.
notifier	Informar, notificar.
notoriété	Fama, notoriedade.
nounours	Urso de pelúcia, ursinho.
numéroter	Pôr números, numerar.
nénuphar	Planta aquática, nenúfar.
objecter	Responder com um argumento, objetar.
obliquer	Virar, inclinar-se.
obnubiler	Obcecar, obnubilar.
obsédant	Que obceca, obsedante.
obédience	Obediência; pertencimento.
octogonal	De oito lados, octogonal.
oisiveté	Preguiça, ociosidade.
ombilical	Do umbigo, umbilical.
omoplate	Osso do ombro, omoplata.
ondulant	Que ondula, ondulante.
opiniâtre	Obstinado, teimoso.
opulence	Riqueza, opulência.
opérateur	Pessoa que faz funcionar, operador.
oratoire	Pequena capela, oratório; do discurso.
orchidée	Flor exótica, orquídea.
ordurier	Grosseiro, sujo.
organique	Vivo; natural, orgânico.
ostensoir	Objeto sagrado de ouro, ostensório.
outrance	Excesso, exagero.
pacifier	Trazer a paz de volta, pacificar.
palabrer	Discutir por muito tempo.
palpable	Que se pode tocar, palpável.
pancréas	Órgão da digestão, pâncreas.
pantomime	Jogo sem palavras, pantomima.
papeterie	Loja de papel, papelaria.
paquetage	Pertences do soldado, equipamento.
parabole	História com moral, parábola; curva; antena.
paradoxal	Contraditório, paradoxal.
parement	Revestimento, bainha.
parodier	Imitar para zombar, parodiar.
partance	En partance: prestes a partir.
partisan	Que apoia, partidário.
passoire	Utensílio com furos, peneira, escorredor.
pastèque	Fruta grande verde e vermelha, melancia.
patrimoine	Bens herdados, patrimônio.
pavement	Chão calçado, pavimento.
pavoiser	Pôr bandeiras, embandeirar.
pentecôte	Festa cristã, Pentecostes.
perchoir	Barra onde as aves pousam, poleiro.
percuter	Bater, colidir, percutir.
perdreau	Perdiz jovem.
perpétrer	Cometer, perpetrar.
perpétuité	Duração infinita, perpetuidade.
persuasif	Convincente, persuasivo.
persuasion	Convicção, persuasão.
pianoter	Tamborilar com a ponta dos dedos.
piqueter	Salpicar, pontilhar.
piécette	Moedinha.
piédestal	Suporte de estátua, pedestal.
placarder	Afixar, pôr cartazes.
placette	Pracinha.
placidité	Calma, placidez.
plaisance	Bateau de plaisance: barco de lazer.
planteur	Dono de plantação, plantador.
plastron	Peitilho de camisa.
platitude	Banalidade.
pleurant	Que chora.
pluvieux	Onde chove, chuvoso.
poitrail	Peito do cavalo.
ponctuel	Pontual.
ponctuer	Pôr a pontuação, pontuar.
popularité	Fama, popularidade.
portatif	Portátil.
portique	Galeria de colunas, pórtico; barra de balanço.
postérieur	Que vem depois, posterior; traseiro.
postérité	Gerações futuras, posteridade.
posément	Calmamente.
pouliche	Égua jovem, potra.
pourtour	Borda, contorno.
praticien	Médico, profissional.
prestance	Aparência imponente, porte.
primordial	Essencial, primordial.
princier	De príncipe.
profaner	Faltar ao respeito com o que é sagrado, profanar.
profitable	Útil, proveitoso.
profusion	Abundância, profusão.
proférer	Pronunciar, proferir.
promoteur	Pessoa que lança um projeto, promotor.
pronostic	Previsão, prognóstico.
prospérer	Ter sucesso, prosperar.
prussien	Da Prússia, prussiano.
préalable	Que vem antes, prévio.
préambule	Introdução, preâmbulo.
précaire	Frágil, precário.
précepte	Regra, preceito.
précepteur	Professor particular, preceptor.
préjudice	Prejuízo, dano.
préjuger	Julgar antecipadamente, prejulgar.
préluder	Anunciar, preludiar.
présager	Prever, pressagiar.
prétexter	Dar uma falsa razão, usar como pretexto.
prétoire	Sala do tribunal.
prévaloir	Sobressair, prevalecer.
prêcheur	Que prega, pregador.
psalmodier	Recitar em tom monótono, salmodiar.
purgatoire	Lugar de espera das almas, purgatório.
puritain	Muito rígido na moral, puritano.
péninsule	Quase uma ilha, península.
pénétrant	Que penetra, penetrante.
péripétie	Acontecimento imprevisto, peripécia.
pétarade	Série de estouros, estrondos.
pétarader	Fazer barulhos de explosão.
pétition	Pedido assinado por muitas pessoas, petição, abaixo-assinado.
quiétude	Tranquilidade, quietude.
quolibet	Zombaria, chacota.
rabrouer	Repelir com aspereza.
raclement	Barulho de raspagem.
racontar	Fofoca, mexerico.
racornir	Endurecer, ressecar.
radoucir	Tornar mais suave, abrandar.
rajuster	Pôr de volta no lugar, reajustar.
rambarde	Corrimão, guarda-corpo.
rameuter	Reunir, convocar.
rancunier	Que guarda rancor, rancoroso.
raréfier	Tornar raro, rarefazer.
ratatiner	Enrugar, encolher.
rebutant	Que desanima, repugnante.
recenser	Contar, recensear.
receveur	Pessoa que recebe o dinheiro, cobrador.
rechange	De rechange: de reserva.
recouper	Cortar de novo; confirmar.
recourber	Curvar, recurvar.
recouvert	Coberto.
recracher	Cuspir de volta.
redingote	Casaco comprido, sobrecasaca.
reformer	Formar de novo.
refréner	Conter, refrear.
regardant	Avarento, mão-fechada.
reliquat	Resto, saldo.
reluisant	Brilhante, reluzente.
reléguer	Pôr de lado, relegar.
remontée	O fato de subir de novo, subida.
remâcher	Ruminar, remoer.
renchérir	Ir mais longe, encarecer.
rengorger	Se rengorger: fazer-se de orgulhoso, pavonear-se.
rentable	Que dá lucro, rentável.
renverse	À la renverse: de costas, de barriga para cima.
renâcler	Torcer o nariz, relutar.
repartie	Resposta rápida, réplica.
repaître	Se repaître: alimentar-se, saciar-se.
repiquer	Replantar, repicar.
replanter	Plantar de novo.
repriser	Remendar, cerzir.
rescaper	Escapar, sobreviver.
resurgir	Reaparecer, ressurgir.
retouche	Pequena correção, retoque.
retourne	Forma do verbo retourner (voltar, virar).
revenant	Fantasma, aparição.
ricanant	Que ri com maldade.
ricocher	Quicar, ricochetear.
ricochet	Pulo de uma pedra na água, ricochete.
rigidité	Dureza, rigidez.
rigolard	Risonho, brincalhão.
ripoliner	Pintar (brilhante), esmaltar.
romancier	Autor de romances, romancista.
rougeole	Doença com manchas vermelhas, sarampo.
rouspéter	Reclamar, resmungar.
routinier	Habituado, rotineiro.
rudiment	Noções básicas, rudimento.
rutilant	Brilhante, rutilante.
râtelier	Suporte, rastelo; dentadura.
régional	Da região, regional.
régularité	Constância, regularidade.
régénérer	Renovar, regenerar.
réitérer	Fazer de novo, reiterar.
réprouver	Desaprovar, reprovar.
répudier	Rejeitar, repudiar.
répulsion	Nojo, repulsa.
résonance	Eco, ressonância.
résorber	Fazer desaparecer, reabsorver.
rétorquer	Retrucar, replicar.
réverbère	Lâmpada de rua, poste de luz.
révoltant	Chocante, revoltante.
révulser	Enojar, revulsar.
sabotage	Destruição voluntária, sabotagem.
sacrilège	Ofensa ao sagrado, sacrilégio.
saladier	Tigela grande, saladeira.
salpêtre	Mofo branco das paredes, salitre.
salutaire	Benéfico, salutar.
samouraï	Guerreiro japonês, samurai.
sanitaire	Da saúde, sanitário; banheiros.
sarabande	Dança, sarabanda; algazarra.
saugrenu	Esquisito, disparatado.
saumâtre	Um pouco salgado, salobro; desagradável.
scorpion	Animal com pinças e ferrão, escorpião.
seizième	Número dezesseis, décimo sexto.
serpenter	Fazer curvas, serpentear.
servitude	Escravidão, servidão.
sibérien	Da Sibéria, siberiano.
simulacre	Imitação, simulacro.
simultané	Ao mesmo tempo, simultâneo.
singerie	Imitação; careta, macaquice.
snobisme	Admiração pelo que está na moda, esnobismo.
sobriquet	Apelido, alcunha.
sobriété	Moderação, sobriedade.
solidité	Resistência, solidez.
somnolent	Meio adormecido, sonolento.
somnoler	Dormir pela metade, cochilar.
sonatine	Pequena sonata, sonatina.
songerie	Devaneio.
sonorité	Som, sonoridade.
soupente	Cubículo embaixo da escada.
soupeser	Avaliar o peso.
soupirail	Janelinha de porão, respiradouro.
soupière	Prato de sopa, sopeira.
sourdine	En sourdine: baixinho, em surdina.
soutirer	Obter com esperteza, extorquir.
sparadrap	Curativo adesivo, esparadrapo.
spécifier	Precisar, especificar.
spéculer	Refletir; apostar nos preços, especular.
stagnant	Que não se mexe, estagnado.
stalinien	De Stálin, stalinista.
stigmate	Marca, cicatriz, estigma.
stimulant	Que encoraja, estimulante.
stratège	Especialista em estratégia, estrategista.
strident	Agudo e forte, estridente.
stupéfier	Espantar, estupefazer.
subalterne	Inferior, subalterno.
subjuguer	Encantar, subjugar.
subodorer	Adivinhar, farejar.
subtilité	Delicadeza, sutileza.
subversif	Que incita à revolta, subversivo.
suintant	Que deixa escorrer, que goteja.
surnager	Flutuar, sobrenadar.
surplomb	Saliência acima do vazio, projeção.
survenue	Chegada repentina.
survivant	Que sobreviveu, sobrevivente.
surélever	Tornar mais alto, elevar.
suspense	Espera ansiosa, suspense.
suspicion	Suspeita, suspeição.
syndical	Do sindicato, sindical.
sécréter	Produzir, secretar.
séculaire	Muito antigo, secular.
sénéchal	Oficial real, senescal.
sépulture	Túmulo, sepultura.
sévérité	Dureza, severidade.
tabernacle	Armarinho sagrado, tabernáculo.
tactique	Plano de ação, tática.
talisman	Amuleto que dá sorte, talismã.
tangible	Real, tangível.
tantinet	Um pouquinho.
tapageur	Barulhento, espalhafatoso.
tarauder	Atormentar, perfurar.
tartiner	Espalhar, passar (manteiga, geleia).
templier	Cavaleiro da Idade Média, templário.
temporel	Do tempo, temporal.
tempérer	Moderar, temperar.
tempêter	Gritar de raiva.
tenancier	Gerente, dono (de um bar).
tentacule	Braço de polvo, tentáculo.
titubant	Que cambaleia.
toboggan	Escorregador, tobogã.
tonitruer	Gritar muito alto, trovejar.
tortueux	Cheio de curvas, tortuoso.
traiteur	Vendedor de pratos prontos, buffet.
trappeur	Caçador do Grande Norte, caçador de peles.
traversin	Travesseiro comprido.
travestir	Disfarçar, fantasiar.
traînant	Que se arrasta.
traîtrise	Traição.
triporteur	Bicicleta de três rodas, triciclo de carga.
triturer	Mexer, amassar, triturar.
tromperie	Mentira, engano.
trémière	Rose trémière: flor grande, malva-rosa.
trésorier	Pessoa que administra o dinheiro, tesoureiro.
tunisien	Da Tunísia, tunisiano.
turpitude	Vergonha, torpeza.
turquoise	Pedra ou cor azul-esverdeada, turquesa.
tutélaire	Protetor, tutelar.
tyrolien	Do Tirol, tirolês.
télévisé	Passado na televisão, televisionado.
ténacité	Persistência, tenacidade.
ubiquité	O fato de estar em toda parte ao mesmo tempo, ubiquidade.
ultimatum	Último aviso, ultimato.
ultérieur	Mais tarde, posterior.
vacancier	Pessoa em férias, veranista.
vacciner	Dar uma vacina, vacinar.
vaporiser	Pulverizar, vaporizar.
variable	Que muda, variável.
variante	Versão diferente, variante.
vasistas	Janelinha que abre por cima, basculante.
ventouse	Objeto que gruda por sucção, ventosa.
vergogne	Sans vergogne: sem vergonha.
vermoulu	Roído pelos vermes, carcomido.
vertébral	Da coluna vertebral, vertebral.
verveine	Planta para chá, verbena.
vestibule	Entrada, vestíbulo.
veulerie	Covardia, fraqueza.
vexation	Humilhação, vexame.
viennois	De Viena, vienense.
vigilance	Atenção, vigilância.
vignoble	Vinhedos.
violacer	Ficar roxo, arroxear.
violoniste	Quem toca violino, violinista.
virtuosité	Grande habilidade, virtuosismo.
virulent	Violento, virulento.
viscéral	Profundo, visceral.
visibilité	O fato de ser visível, visibilidade.
vitamine	Substância útil para a saúde, vitamina.
vitrifier	Transformar em vidro, vitrificar.
vivacité	Rapidez, vivacidade.
vociférer	Gritar, vociferar.
voilette	Pequeno véu de chapéu.
voisiner	Ficar ao lado, avizinhar-se.
volatile	Que evapora, volátil.
voltigeur	Acrobata.
volubile	Que fala muito, volúvel.
volubilité	Facilidade de fala, volubilidade.
voracité	Avidez, voracidade.
végétatif	Das plantas, vegetativo; sem atividade.
vénitien	De Veneza, veneziano.
véridique	Verdadeiro, verídico.
zigzaguer	Fazer zigue-zagues, ziguezaguear.
âprement	Com dureza, asperamente.
éberluer	Espantar.
ébéniste	Marceneiro de móveis finos, ebanista.
écarlate	Vermelho vivo, escarlate.
écarteler	Puxar em todas as direções, esquartejar.
éclaircie	Volta do sol, estiada.
éclaireur	Escoteiro; soldado que vai à frente, batedor.
éclosion	Nascimento, eclosão.
éconduire	Mandar embora, dispensar.
écorchure	Arranhão, esfoladura.
écourter	Encurtar.
écrasant	Esmagador, acachapante.
écritoire	Estojo de escrever, escrivaninha.
édifiant	Exemplar, edificante.
églantine	Flor da roseira-brava, rosa silvestre.
égoutier	Operário dos esgotos.
élasticité	Flexibilidade, elasticidade.
élastique	Que estica, elástico.
élucider	Esclarecer, elucidar.
énervant	Irritante.
énormité	Grande bobagem, enormidade.
épiderme	Pele, epiderme.
épilepsie	Doença que provoca crises, epilepsia.
épilogue	Fim, epílogo.
épluchure	Casca retirada de um legume.
équateur	Linha que divide a Terra em duas, equador.
équation	Igualdade com uma incógnita, equação.
équatorial	Do equador, equatorial.
équestre	Do cavalo, equestre.
équitable	Justo, equitativo.
éraflure	Arranhão, esfoladura.
éruption	Saída de lava, erupção; manchas na pele.
étendard	Bandeira, estandarte.
étrangeté	Esquisitice, estranheza.
évertuer	S'évertuer: esforçar-se, empenhar-se.
