achat	O que a gente comprou.
acier	Metal muito duro feito com ferro.
acte	O que a gente faz; uma parte de uma peça de teatro.
actif	Que se mexe e trabalha muito.
actuel	Que existe agora, neste momento.
adieu	Palavra para dizer tchau para sempre.
adroit	Hábil, que faz bem as coisas com as mãos.
afin	Afin de: para.
agent	Pessoa encarregada de um trabalho (agente de polícia).
agile	Que se mexe rápido e com facilidade.
agir	Fazer alguma coisa.
aide	O que a gente faz para ajudar alguém.
aigle	Ave de rapina grande que voa bem alto.
aile	Parte do corpo da ave que serve para voar.
air	O que a gente respira; o jeito de alguém.
aise	À l'aise: bem, contente, sem constrangimento.
alors	Naquele momento; então.
amande	Fruto seco oval dentro de uma casca.
amateur	Pessoa que gosta de uma atividade sem fazer dela a sua profissão.
ami	Pessoa de quem a gente gosta e com quem divide as coisas.
amour	Sentimento muito forte por alguém de quem a gente gosta.
ange	Ser do céu com asas; criança muito boazinha.
animal	Ser vivo que se mexe e respira, mas não é uma pessoa.
année	Doze meses, de janeiro a dezembro.
après	Mais tarde; atrás.
ardeur	Muita energia, vontade de fazer bem.
ardoise	Quadrinho para escrever com giz; pedra do telhado.
arme	Objeto para lutar ou caçar.
armer	Dar armas; preparar.
armoire	Móvel grande para guardar as roupas.
armée	Todos os soldados de um país.
art	Jeito de criar coisas bonitas (pintura, música…).
article	Texto num jornal; palavrinha antes do nome (le, la, un).
artiste	Pessoa que cria: pintor, músico, dançarino…
aube	Comecinho do dia, quando o sol nasce.
aussi	Também, igual.
autel	Mesa onde o padre celebra a missa.
autour	Em volta de alguma coisa.
autre	Não o mesmo, diferente.
avant	Mais cedo; na frente.
avec	Na companhia de; usando.
avenir	O tempo que vai chegar, mais tarde.
avertir	Avisar alguém.
aveugle	Que não enxerga.
avion	Máquina com asas que voa no céu.
avis	O que a gente pensa sobre alguma coisa.
avoir	Possuir, ter.
avril	Quarto mês do ano.
bain	Momento em que a gente se lava na banheira.
bal	Festa onde a gente dança.
balcon	Pequena plataforma na frente de uma janela, com grade.
baleine	Animal enorme que vive no mar.
balle	Bolinha para brincar.
banc	Assento comprido para várias pessoas.
bande	Pedaço comprido e estreito; grupo de amigos.
barbe	Pelos que crescem no queixo e nas bochechas.
barque	Barquinho que se faz andar com remos.
bas	Que não é alto, perto do chão.
bassin	Grande recipiente de água num jardim; piscina.
bazar	Loja onde se acha de tudo; grande bagunça.
beau	Bonito, agradável de olhar.
bec	Boca dura e pontuda da ave.
belge	Da Bélgica.
bien	Como deve ser, sem erro.
bijou	Objeto precioso que a gente usa: anel, colar…
biscuit	Bolinho seco.
bise	Beijinho no rosto; vento frio.
bleu	Cor do céu sem nuvens.
bloc	Pedaço grande.
blond	De cor amarelo-clara (cabelo).
blouse	Roupa leve que a gente veste por cima para se proteger.
blé	Planta cujos grãos dão a farinha.
boeuf	Animal grande da fazenda, macho da vaca.
boire	Engolir um líquido.
bois	Matéria das árvores; pequena floresta.
bon	Gostoso; bonzinho.
bond	Pulo.
bondir	Pular de repente.
bonheur	Grande alegria, quando a gente está feliz.
bonjour	Palavra para cumprimentar alguém.
bonne	Feminino de bon: gostosa, bonzinha.
bonté	Bondade.
bord	Limite, ponta (beira do mar, da mesa).
bordure	O que faz o contorno, a borda.
borne	Pedra na beira da estrada que indica a distância.
botte	Sapato alto, bota; molho (botte de radis).
boucle	Anel; cacho de cabelo em círculo.
boue	Terra molhada que gruda.
boule	Objeto todo redondo.
bourse	Bolsinha para o dinheiro; dinheiro dado para estudar.
bout	Ponta; pedacinho.
bouton	Pequeno disco para fechar uma roupa; espinha na pele.
bras	Parte do corpo entre o ombro e a mão.
brave	Corajoso; bonzinho.
bravo	Palavra para dar parabéns.
bref	Curto; em resumo.
brin	Pedacinho fino (brin d'herbe: fio de capim).
brique	Bloco de barro cozido para construir paredes.
brise	Ventinho leve.
bruit	Som, muitas vezes desagradável.
brume	Neblina leve.
brun	De cor marrom-escura.
brusque	Repentino; um pouco brutal.
brut	Do jeito que é, sem trabalho feito.
brutal	Violento, nada gentil.
bureau	Mesa para trabalhar; sala onde se trabalha.
but	O que a gente quer alcançar; ponto marcado no futebol.
bâtir	Construir.
bâton	Pedaço de madeira comprido e fino.
bébé	Criança bem pequena.
bénir	Pedir a proteção de Deus para alguém.
bêche	Ferramenta para virar a terra.
bête	Animal; que não é esperto.
cabine	Pequeno cômodo fechado (provador, cabine de navio).
cadet	O mais novo dos filhos.
cadre	Moldura em volta de um quadro; chefe numa empresa.
café	Bebida preta e quente; lugar onde se toma.
cage	Caixa com grades para prender um animal.
cahier	Folhas presas juntas para escrever.
calcul	Operação com números.
calme	Tranquilo, sem barulho nem agitação.
camion	Veículo grande que transporta mercadorias.
camp	Lugar onde a gente arma barracas.
canal	Rio escavado pelo homem para os barcos.
canard	Ave que nada, com um bico largo e achatado.
canif	Canivete, faca pequena que dobra.
canon	Arma grande que atira balas de ferro.
car	Porque; também: um ônibus de viagem.
caramel	Açúcar derretido e dourado.
carnet	Caderninho.
carte	Cartão com um desenho ou um mapa; carta de baralho.
carton	Papel grosso e duro; caixa feita com ele.
cas	Situação, o que acontece.
cause	O que provoca alguma coisa, o motivo.
cave	Cômodo embaixo da casa, porão.
caverne	Grande buraco na rocha, gruta.
ceci	Esta coisa aqui.
cela	Aquela coisa lá.
cent	O número 100.
cerf	Animal grande da floresta com chifres na cabeça.
chacun	Cada pessoa.
chair	Carne; músculos e pele do corpo.
chaleur	Quando está quente.
charbon	Pedra preta que queima e esquenta.
charge	O que a gente carrega, que é pesado.
charité	Ajuda dada aos pobres.
charme	O que agrada muito; fórmula mágica.
chat	Animalzinho de bigodes que mia.
chef	Pessoa que dirige os outros.
chemin	Estradinha de terra.
chemise	Roupa com gola e botões.
cher	Que custa muito; de quem a gente gosta muito.
cheval	Animal grande que a gente pode montar.
chez	Na casa de.
chien	Animal doméstico que late.
choc	Batida quando duas coisas se chocam.
chose	Objeto, o que existe.
chute	O ato de cair.
chéri	Querido, de quem a gente gosta muito.
chêne	Árvore grande que dá bolotas.
ciel	Espaço acima de nós onde voam os pássaros.
cinq	O número 5.
cirque	Espetáculo com palhaços, acrobatas e animais.
citron	Fruta amarela e azeda.
cité	Cidade; conjunto de prédios.
clair	Cheio de luz; fácil de entender.
clarté	Luz.
classe	Sala onde a gente aprende; grupo de alunos.
clef	Objeto para abrir uma fechadura (também se escreve clé).
cloche	Instrumento de metal que toca.
clou	Haste de metal pontuda que a gente enfia com um martelo.
clé	Objeto para abrir uma fechadura.
cochon	Animal da fazenda de nariz redondo, que grunhe.
coeur	Órgão que faz o sangue circular; os sentimentos.
coin	Lugar onde duas paredes se encontram.
combien	Que quantidade? que preço?
comme	Do mesmo jeito que.
commun	Que pertence a todos; comum.
commune	Cidade ou vila com a sua prefeitura.
congé	Dias em que a gente não trabalha.
conte	História inventada, muitas vezes mágica.
contenu	O que tem dentro.
copain	Amigo.
coq	Macho da galinha, que canta de manhã.
corbeau	Ave grande toda preta.
corde	Fio grosso e resistente.
corne	Ponta dura na cabeça de certos animais.
costume	Roupa para se fantasiar; paletó e calça combinando.
coton	Planta que dá um tecido macio.
cou	Parte do corpo entre a cabeça e os ombros.
coucou	Palavra para dizer oi; ave.
coude	Dobra no meio do braço.
coudre	Juntar tecido com agulha e linha.
couleur	Vermelho, azul, verde, amarelo…
coup	Batida dada ao bater.
coupe	Taça; troféu que a gente ganha.
couper	Separar em pedaços com uma faca ou uma tesoura.
cour	Espaço ao ar livre, cercado de muros (cour de récréation: pátio).
courage	Força para enfrentar o medo ou a dificuldade.
cours	Aula; caminho de um rio.
course	Ato de correr; competição de velocidade.
court	Que não é comprido.
cousin	Filho do tio ou da tia.
cousine	Filha do tio ou da tia.
coutume	Hábito.
couvrir	Pôr alguma coisa por cima.
cri	Som bem forte da voz, grito.
crier	Falar muito alto.
crime	Falta muito grave punida pela lei.
crise	Momento difícil; grande ataque de raiva.
croire	Pensar que é verdade.
cuir	Pele de animal usada para fazer sapatos e bolsas.
cuire	Aquecer um alimento para ficar bom de comer.
cuisine	Cômodo onde se preparam as refeições.
cuivre	Metal vermelho-alaranjado.
culture	O que a gente sabe; plantas que a gente faz crescer.
curé	Padre responsável por uma igreja.
côte	Osso do peito; costa do mar; subida.
côté	Parte direita ou esquerda; lado.
dame	Mulher, senhora.
dans	Dentro de.
danse	Movimentos do corpo com música.
date	Dia, mês e ano.
degré	Unidade para medir a temperatura, grau.
demain	O dia depois de hoje.
demande	Pergunta; o que a gente quer conseguir.
demi	A metade.
dent	Osso pequeno e branco na boca para mastigar.
depuis	A partir de um momento.
dernier	Que está no fim, último.
dessin	Imagem feita com um lápis.
deuil	Grande tristeza quando alguém morreu.
devant	Na frente, na parte da frente.
devenir	Começar a ser.
devoir	Trabalho para fazer em casa; ser obrigado.
diable	Demônio; criança muito agitada.
dictée	Exercício em que a gente escreve um texto que ouve.
dire	Falar, exprimir com palavras.
divin	Que vem de Deus; maravilhoso.
docteur	Médico.
doigt	Cada uma das cinco partes na ponta da mão.
donc	É por isso, por consequência.
dont	De quem, de que.
dormir	Descansar de olhos fechados, à noite.
dos	Parte de trás do corpo, da nuca até o bumbum.
double	Duas vezes mais.
douleur	Dor que a gente sente.
doute	Quando a gente não tem certeza.
douze	O número 12.
dragon	Animal imaginário que cospe fogo.
drap	Grande tecido que se põe sobre a cama, lençol.
droit	Que não é torto; o que a gente tem o direito de fazer.
droite	O lado da mão que escreve, para a maioria das pessoas.
drôle	Que faz rir; esquisito.
duc	Nobre muito importante, abaixo do rei.
dur	Que não é mole; difícil.
durer	Continuar por um certo tempo.
durée	Tempo que dura alguma coisa.
duvet	Penas bem macias; saco de dormir.
dès	A partir de.
début	Começo.
désir	Vontade.
dîner	Refeição da noite, jantar.
eau	Líquido transparente que a gente bebe, água.
encore	Mais uma vez; ainda.
enfin	Por fim, depois de esperar.
engager	Contratar alguém para trabalhar; começar.
ensuite	Depois.
entier	Completo, inteiro.
espoir	O que a gente espera, que aguarda com confiança.
face	Rosto; lado.
facteur	Pessoa que traz a correspondência, carteiro.
faim	Vontade de comer, fome.
faire	Fabricar, realizar, fazer.
fait	O que aconteceu, que é verdade.
fantôme	Espírito de um morto que a gente imagina flutuando, todo branco.
farce	Brincadeira, peça; recheio para encher um legume.
farine	Pó de trigo para fazer pão e bolos.
fatal	Que não dá para evitar; que causa a morte.
fatigue	Quando a gente precisa descansar, cansaço.
faute	Erro.
fauve	Animal selvagem grande, como o leão.
faveur	Serviço que a gente faz para agradar.
femme	Pessoa adulta do sexo feminino; esposa.
fenêtre	Abertura com vidro numa parede, janela.
fer	Metal cinza e duro; aparelho para passar roupa.
ferme	Casa no campo com animais e plantações; firme.
fermier	Pessoa que trabalha numa fazenda.
feu	Chamas que queimam; luz vermelha ou verde no cruzamento.
fidèle	Que não trai, que continua amigo.
fier	Contente consigo mesmo, orgulhoso.
figure	Rosto; desenho.
fil	Fio fino para costurar; cabo elétrico.
file	Pessoas umas atrás das outras, fila.
filet	Tecido de buracos para pegar ou carregar; rede.
fils	Criança do sexo masculino, para os pais.
fin	Momento em que acaba; bem fino.
finir	Terminar.
fièvre	Quando o corpo está quente demais porque a gente está doente.
fleur	Parte colorida da planta, muitas vezes perfumada.
fleuve	Grande rio que vai até o mar.
flot	Onda; muita quantidade de alguma coisa.
fléau	Grande desgraça que atinge muita gente.
foi	Confiança total; crença em Deus.
foie	Órgão dentro da barriga, fígado.
foin	Capim seco para alimentar os animais.
foire	Grande feira com brinquedos de parque.
fois	Cada momento em que acontece (uma vez, duas vezes).
fond	Parte mais baixa, mais distante, o fundo.
force	Poder dos músculos.
forge	Oficina onde se esquenta e se bate o ferro.
forme	Aparência de um objeto: redondo, quadrado…
fort	Que tem muita força.
fortune	Muito dinheiro; sorte.
forêt	Grande lugar cheio de árvores, floresta.
fou	Que perdeu a razão, maluco; esquisito.
foudre	Raio que cai na terra.
fouet	Tira para bater; utensílio para bater ovos.
foule	Muita gente junta, multidão.
four	Aparelho quente para assar, forno.
fournir	Dar o que é preciso.
frais	Um pouco frio; recém-feito.
franc	Que diz a verdade; antiga moeda da França.
froid	Quando a temperatura está baixa, frio.
fromage	Alimento feito com leite, queijo.
front	Parte de cima do rosto, acima dos olhos, testa.
fruit	Parte da planta que a gente come, muitas vezes doce, fruta.
frère	Menino que tem os mesmos pais, irmão.
frémir	Tremer um pouquinho.
fuir	Sair depressa para escapar, fugir.
fuite	O ato de fugir; água que escorre por um buraco, vazamento.
fumer	Soltar fumaça; aspirar a fumaça de um cigarro.
fumée	Nuvem cinza que sai do que está queimando, fumaça.
fusil	Arma de fogo comprida.
fusée	Máquina que sobe ao espaço, foguete.
futur	O tempo que vai chegar, futuro.
fée	Mulher mágica com uma varinha, fada.
fête	Momento alegre em que a gente comemora alguma coisa, festa.
fêter	Comemorar.
gamin	Criança.
gant	Roupa para a mão, luva.
garde	Pessoa que vigia.
gardien	Pessoa que vigia um lugar.
gare	Lugar onde os trens param, estação.
garnir	Encher, enfeitar.
garçon	Criança do sexo masculino, menino.
gaz	Matéria invisível como o ar; energia para cozinhar.
gazon	Grama curta e fina.
geler	Transformar em gelo; sentir muito frio.
gelée	Gelo fino da manhã; geleia transparente.
genre	Tipo; masculino ou feminino.
gens	Pessoas.
gerbe	Buquê de flores; feixe de trigo.
geste	Movimento da mão ou do corpo, gesto.
gibier	Animais que a gente caça.
girafe	Animal da África de pescoço bem comprido, girafa.
givre	Gelo branco nas árvores no inverno.
glace	Água congelada, gelo; sobremesa gelada, sorvete; espelho.
gloire	Grande fama.
gomme	Objeto para apagar o lápis, borracha.
gorge	Parte de dentro do pescoço, garganta.
goût	Sabor; o que a gente gosta.
grain	Sementinha (trigo, arroz), grão; pedacinho bem pequeno.
grand	De tamanho grande.
grandir	Ficar maior, crescer.
gras	Cheio de gordura.
grave	Sério, importante; voz grave.
gravir	Subir com esforço.
grenier	Cômodo embaixo do telhado, sótão.
gris	Cor entre o preto e o branco, cinza.
grive	Pássaro marrom com pintinhas.
groupe	Conjunto de pessoas ou de coisas.
grue	Ave grande; máquina que levanta cargas, guindaste.
grâce	Elegância; perdão.
grès	Pedra feita de areia colada.
guitare	Instrumento musical de cordas, violão.
gémir	Soltar gritinhos de dor, gemer.
haricot	Legume verde ou grão que a gente come, feijão.
herbe	Planta verde que cresce nos campos, capim.
hibou	Ave da noite de olhos grandes, coruja.
hier	O dia antes de hoje, ontem.
hiver	Estação mais fria, inverno.
ici	Neste lugar, aqui.
idée	O que a gente pensa, o que a gente inventa, ideia.
image	Desenho, foto.
inconnu	Que a gente não conhece, desconhecido.
insecte	Animalzinho de seis patas, inseto.
jadis	Há muito tempo.
jambe	Parte do corpo que serve para andar, perna.
janvier	Primeiro mês do ano, janeiro.
jardin	Terreno com flores, legumes e grama.
jaune	Cor do limão, amarelo.
jeter	Lançar; pôr no lixo.
jeu	Atividade para se divertir, jogo.
jeudi	Dia depois de quarta-feira, quinta-feira.
jeune	Que não é velho, jovem.
joie	Grande felicidade, alegria.
joli	Bonito, agradável de olhar.
joue	Parte do rosto embaixo do olho, bochecha.
jouer	Se divertir, brincar.
jouet	Objeto para brincar, brinquedo.
joueur	Pessoa que joga.
joujou	Brinquedo (palavra de criança).
jour	Tempo em que está claro, dia; 24 horas.
journal	Papel com as notícias, jornal.
journée	Tempo entre a manhã e a noite, dia.
juge	Pessoa que decide no tribunal, juiz.
juger	Dar sua opinião, decidir, julgar.
juin	Sexto mês do ano, junho.
jurer	Prometer com muita força, jurar.
jusque	Jusqu'à: até, sem parar antes.
juste	Exato; que respeita as regras, justo.
labeur	Trabalho pesado.
lac	Grande extensão de água cercada de terra, lago.
laid	Que não é bonito, feio.
laine	Pelos da ovelha para tricotar, lã.
lait	Líquido branco que a vaca e a mamãe dão, leite.
lampe	Objeto que faz luz, lâmpada.
lapin	Animalzinho de orelhas compridas, coelho.
large	Que tem grande largura.
larme	Gota de água que escorre do olho quando a gente chora, lágrima.
las	Cansado.
laver	Limpar com água, lavar.
lecture	Ato de ler, leitura.
lent	Que não anda rápido, lento.
leur	Deles, delas.
lever	Pôr mais alto, levantar; sair da cama.
leçon	O que a gente aprende, lição.
liberté	Quando a gente pode fazer o que quer, liberdade.
libre	Que não está preso; que não está ocupado, livre.
lien	O que prende; relação, laço.
lier	Amarrar.
lieu	Lugar.
ligue	Grupo de pessoas ou de times, liga.
lilas	Arbusto de flores roxas perfumadas, lilás.
limite	Linha que a gente não deve ultrapassar.
lin	Planta que dá um tecido, linho.
linge	Roupas, lençóis, toalhas.
lion	Grande felino de juba, rei dos animais, leão.
liquide	Que escorre, como a água, líquido.
lire	Entender o que está escrito, ler.
lis	Grande flor branca, lírio (também se escreve lys).
liste	Sequência de palavras escritas umas embaixo das outras, lista.
lit	Móvel para dormir, cama.
livre	Páginas presas que a gente lê, livro.
livrer	Levar uma mercadoria, entregar.
lièvre	Animal parecido com um grande coelho selvagem, lebre.
local	Da região, do bairro; uma sala.
loger	Morar; hospedar.
loi	Regra que todo mundo deve respeitar, lei.
loin	A uma grande distância, longe.
loisir	Tempo livre para se divertir, lazer.
long	Que tem grande comprimento, comprido.
lors	Lors de: no momento de.
lot	O que a gente ganha num jogo, prêmio.
louer	Pagar para usar, alugar; também: elogiar.
loup	Animal selvagem parecido com um cachorro grande, lobo.
lueur	Luz fraca.
lui	Aquela pessoa (il), ele.
luire	Brilhar de leve.
lumière	O que ilumina, luz.
lundi	Dia depois do domingo, segunda-feira.
lune	Astro que brilha à noite, lua.
lunette	Lunettes: lentes para enxergar melhor, óculos.
lutin	Personagenzinho mágico e travesso, duende.
lutte	Combate, luta.
lèvre	Borda da boca, lábio.
léger	Que não pesa muito, leve.
légume	Planta que a gente come: cenoura, alho-poró…
machine	Aparelho que faz um trabalho, máquina.
madame	Palavra para falar educadamente com uma mulher, senhora.
magique	Que vem da magia, mágico.
mai	Quinto mês do ano, maio.
main	Parte na ponta do braço, com cinco dedos, mão.
mais	Palavra que marca uma oposição, mas.
maison	Prédio onde a gente mora, casa.
mal	Dor; o que não é bom.
malade	Que não está com saúde, doente.
maladie	O que deixa a gente doente, doença.
malin	Esperto, inteligente.
maman	Mãe.
mamie	Avó, vovó.
manger	Mastigar e engolir comida, comer.
manuel	Livro de aula; feito com as mãos.
marche	Ato de andar; degrau de uma escada.
marcher	Avançar a pé, andar.
mardi	Dia depois de segunda-feira, terça-feira.
mare	Pequena extensão de água, poça.
mari	Homem casado, marido.
mariage	Cerimônia em que duas pessoas se casam, casamento.
marin	Pessoa que trabalha num barco, marinheiro; do mar.
marque	Vestígio, marca; nome de um produto.
marquer	Fazer uma marca; ganhar um ponto.
mars	Terceiro mês do ano, março.
matin	Começo do dia, manhã.
matinal	Que acorda cedo; da manhã.
matinée	O período da manhã.
matière	Aquilo de que uma coisa é feita, matéria; disciplina na escola.
mauve	Roxo claro.
maître	Professor; chefe.
mener	Conduzir.
menteur	Que não diz a verdade.
menu	Lista dos pratos de uma refeição, cardápio.
mer	Grande extensão de água salgada, mar.
merci	Palavra para agradecer, obrigado.
merle	Pássaro preto de bico amarelo.
messe	Cerimônia religiosa na igreja.
meuble	Objeto da casa: mesa, cama, armário…
midi	O meio do dia, 12 horas, meio-dia.
miel	Produto doce feito pelas abelhas, mel.
mien	Que é meu.
miette	Pedacinho bem pequeno de pão, migalha.
mine	Cara, aparência do rosto; ponta do lápis; buraco para procurar carvão, mina.
mineur	Operário da mina; criança com menos de 18 anos.
minuit	O meio da noite, 0 hora, meia-noite.
minute	Sessenta segundos, minuto.
miracle	Coisa extraordinária que não dá para explicar, milagre.
mirer	Se mirer: olhar-se num espelho ou na água.
miroir	Vidro onde a gente se vê, espelho.
mode	Jeito de se vestir numa época, moda; maneira.
moderne	De hoje, moderno.
moine	Homem religioso que vive num mosteiro, monge.
moineau	Passarinho marrom das cidades, pardal.
mois	Cada uma das doze partes do ano, mês.
moitié	Uma das duas partes iguais, metade.
moment	Curto espaço de tempo, momento.
monde	A Terra e todos os que vivem nela, mundo.
mont	Montanha.
morne	Triste e sem vida.
mort	Fim da vida, morte; que não vive mais, morto.
mortel	Que pode morrer; que pode matar.
moteur	Máquina que faz um veículo andar, motor.
motif	Razão, motivo; desenho que se repete.
mou	Que não é duro, mole.
moudre	Esmagar até virar pó (café, trigo), moer.
moulin	Máquina para moer o grão, moinho.
mouton	Animal da fazenda de lã grossa, ovelha.
mouvoir	Fazer mexer.
muet	Que não fala, mudo.
munir	Equipar, dar o que é preciso.
mur	Parede de pedras ou de tijolos, muro.
murmure	Barulho de vozes bem suaves, murmúrio.
musique	Sons agradáveis combinados, música.
musée	Prédio onde se mostram obras de arte, museu.
mère	Mamãe, mãe.
mètre	Unidade de comprimento, cem centímetros, metro.
mélange	Várias coisas postas juntas, mistura.
mémoire	Capacidade de lembrar, memória.
métal	Matéria dura como o ferro ou o ouro, metal.
métier	Trabalho que a gente faz para ganhar a vida, profissão.
métro	Trem que anda embaixo da cidade, metrô.
même	Igual, mesmo.
nager	Avançar na água mexendo os braços e as pernas, nadar.
nappe	Tecido que se põe na mesa, toalha.
natal	Onde a gente nasceu, natal.
nature	Tudo o que não é fabricado: árvores, animais, mar…, natureza.
navet	Legume branco e redondo, nabo; filme ruim.
navire	Barco grande, navio.
neige	Flocos brancos que caem quando está muito frio, neve.
net	Limpo, claro.
neuf	O número 9, nove; novinho.
nez	Parte do rosto que serve para cheirar e respirar, nariz.
niche	Casinha do cachorro.
nid	Abrigo que a ave constrói para os ovos, ninho.
noble	Generoso, digno; de família importante antigamente, nobre.
nom	Palavra que designa uma pessoa ou uma coisa, nome.
non	Palavra para recusar ou dizer que é falso, não.
nord	Direção de cima num mapa, norte.
normal	Como de costume.
note	Número que avalia um trabalho, nota; som de música.
nuage	Monte de vapor de água no céu, nuvem.
nuit	Tempo em que está escuro, noite.
nul	Nenhum; nada bom.
objet	Coisa que a gente pode tocar, objeto.
obliger	Forçar a fazer, obrigar.
octobre	Décimo mês do ano, outubro.
odeur	O que a gente sente com o nariz, cheiro.
oeuf	O que a galinha põe, com uma casca, ovo.
oie	Ave grande da fazenda, de pescoço comprido, ganso.
oiseau	Animal com penas e asas, pássaro.
onde	Onda; água.
onze	O número 11, onze.
orage	Chuva forte com relâmpagos e trovões, tempestade.
orange	Fruta redonda e suculenta, laranja; cor entre o vermelho e o amarelo.
orner	Decorar, enfeitar.
osier	Galho flexível para fazer cestos, vime.
oui	Palavra para aceitar ou dizer que é verdade, sim.
ours	Animal grande de pelo grosso, urso.
outre	Além de; saco de pele para a água.
ouvrage	Trabalho; livro.
ouvrier	Pessoa que faz um trabalho manual, operário.
page	Lado de uma folha de livro ou de caderno, página.
pain	Alimento feito com farinha, assado no forno, pão.
paire	Duas coisas que vão juntas, par.
panier	Objeto com alça para carregar as compras, cesta.
papa	Pai, papai.
papi	Avô, vovô.
papier	Folha para escrever ou desenhar, papel.
par	Passando por; por causa de.
parc	Grande jardim público, parque.
pardon	Palavra para pedir desculpas, perdão.
parent	Pai ou mãe; pessoa da família, parente.
parfait	Sem defeito, perfeito.
parole	O que a gente diz, palavra.
part	Pedaço para cada um, parte.
parti	Grupo de pessoas que fazem política, partido.
partie	Pedaço de um todo, parte; um jogo do começo ao fim, partida.
partir	Ir embora.
partout	Em todos os lugares.
pas	Movimento do pé para andar, passo; ne… pas: não.
patin	Calçado para deslizar ou rolar, patim.
patrie	País onde a gente nasceu, pátria.
patron	Chefe de uma empresa, patrão.
patte	Perna de um animal, pata.
pauvre	Que não tem dinheiro suficiente, pobre.
pavé	Pedra que cobre a rua, paralelepípedo.
peau	Envoltório do corpo, pele; casca de uma fruta.
perche	Vara comprida; peixe de rio.
perle	Bolinha brilhante para colares, pérola.
perte	O fato de perder, perda.
peser	Medir o peso, pesar.
petit	Que não é grande, pequeno.
peu	Não muito, pouco.
peuple	Os habitantes de um país, povo.
peur	O que a gente sente diante de um perigo, medo.
piano	Grande instrumento musical de teclas.
pic	Topo pontudo, pico; pássaro que bica as árvores.
pie	Pássaro preto e branco que tagarela, pega.
pied	Parte de baixo da perna, em que a gente anda, pé.
pin	Árvore que fica sempre verde, com agulhas, pinheiro.
pirate	Bandido dos mares, pirata.
piscine	Grande tanque para nadar, piscina.
piste	Caminho; rastro deixado, pista.
pitié	Tristeza por alguém que sofre, pena.
pièce	Parte de uma casa, cômodo; moedinha de metal.
piété	Grande respeito por Deus.
place	Lugar; grande espaço numa cidade, praça.
placer	Pôr num lugar, colocar.
plage	Beira do mar com areia, praia.
plaisir	Alegria, o que faz bem, prazer.
plan	Desenho que mostra um lugar, planta; projeto.
plante	Ser vivo que cresce na terra, planta.
plaque	Pedaço plano e rígido, placa.
plat	Sem calombos, plano; o que a gente serve para comer, prato.
pleur	Lágrima.
plier	Dobrar, curvar.
plonger	Pular na água de cabeça, mergulhar.
pluie	Água que cai das nuvens, chuva.
plumage	Todas as penas de uma ave, plumagem.
plume	O que cobre o corpo das aves, pena; caneta antiga.
plumier	Caixa para guardar os lápis, estojo.
plus	Mais; o sinal +.
poche	Saquinho costurado numa roupa, bolso.
poil	Pelinho no corpo, pelo.
point	Pequeno círculo (.), ponto; o que a gente marca num jogo.
pointe	Ponta afiada.
poire	Fruta em forma de gota, pera.
poisson	Animal que vive na água e respira com brânquias, peixe.
poli	Que diz bom dia e obrigado, educado; liso e brilhante.
pomme	Fruta redonda que nasce na macieira, maçã.
pompe	Aparelho para fazer a água subir ou para encher, bomba.
pont	Construção que passa por cima de um rio ou de uma estrada, ponte.
porc	Porco.
port	Lugar onde os barcos param, porto.
porte	Abertura para entrar ou sair, porta.
porter	Segurar alguma coisa levantando-a, carregar.
porteur	Pessoa que carrega as bagagens.
poser	Pôr em algum lugar.
postal	Do correio.
poste	Lugar onde se mandam cartas, correio; emprego.
pot	Recipiente, pote.
poudre	Grãos bem finos, pó.
poule	Ave da fazenda que bota ovos, galinha.
poulet	Filhote da galinha, frango; carne de galinha.
poupée	Brinquedo em forma de pessoinha, boneca.
pour	Para; a favor de.
pouvoir	Ser capaz de, poder.
poésie	Texto escrito em versos, com rimas, poesia.
prairie	Grande campo de capim, pradaria.
premier	Que vem antes de todos os outros, primeiro.
presque	Não totalmente, quase.
preuve	O que mostra que é verdade, prova.
prier	Falar com Deus, rezar; pedir com educação.
prime	Dinheiro dado a mais, como recompensa, prêmio.
prince	Filho do rei, príncipe.
prise	O que a gente pegou; tomada elétrica.
prison	Lugar onde se prendem os culpados, prisão.
prière	Palavras para falar com Deus, oração.
proche	Bem perto, próximo.
produit	O que é fabricado, produto.
proie	Animal caçado por outro para ser comido, presa.
propre	Que não está sujo, limpo.
près	Ao lado, não longe, perto.
préau	Parte coberta do pátio da escola.
prévoir	Pensar antes no que vai acontecer, prever.
prêt	Preparado, pronto; o que a gente empresta, empréstimo.
prêtre	Homem que cuida da religião e celebra a missa, padre.
puis	Depois.
puisque	Já que, porque.
punir	Dar um castigo, punir.
pupitre	Mesa de escolar, carteira.
pur	Sem mistura, puro; muito limpo.
pâle	Quase sem cor, pálido.
pâlir	Ficar pálido.
pâte	Mistura de farinha e água, massa; pâtes: espaguete, massinha…
pâtre	Pastor.
père	Papai, pai.
péché	Falta contra a religião, pecado.
pénible	Difícil, cansativo.
pépite	Pedacinho de ouro, pepita.
péril	Grande perigo.
périr	Morrer.
pétrir	Esmagar e misturar a massa com as mãos, amassar.
quatre	O número 4, quatro.
quel	Palavra para fazer uma pergunta (quel jour ?: qual dia?).
quoi	Que coisa?
race	Grupo de animais da mesma espécie que se parecem, raça.
racine	Parte da planta embaixo da terra, raiz.
radis	Legume pequeno, vermelho e picante, rabanete.
rage	Raiva muito grande; doença dos animais.
raison	Inteligência; o que explica, razão.
ramage	Canto dos pássaros.
rame	Vara comprida e achatada para fazer um barco andar, remo.
rang	Linha de pessoas, fila; lugar numa classificação.
rare	Que a gente vê pouco, raro.
raser	Cortar os pelos rente à pele, raspar.
rat	Roedor maior que o camundongo, rato.
ravin	Vale estreito e fundo, ravina.
ravir	Deixar muito contente, encantar; tirar à força.
recette	Explicação para preparar um prato, receita.
regard	Jeito de olhar, olhar.
reine	Mulher do rei, ou que governa um reino, rainha.
relatif	Que depende de outra coisa, relativo.
relire	Ler de novo, reler.
remise	Pequeno barracão para as ferramentas; desconto no preço.
renard	Animal ruivo de cauda comprida, esperto, raposa.
repas	O que a gente come à mesa, refeição.
repos	Tempo para descansar, descanso.
reprise	Nova vez, retomada; conserto de um buraco num tecido.
requin	Peixe grande do mar de dentes pontudos, tubarão.
reste	O que sobra, resto.
retenir	Guardar; lembrar, reter.
retour	O fato de voltar, volta.
revenir	Vir de novo, voltar.
revivre	Viver de novo, reviver.
revoir	Ver de novo, rever.
revue	Revista; desfile.
riche	Que tem muito dinheiro, rico.
rider	Fazer rugas, dobras, enrugar.
rien	Nenhuma coisa, nada.
rire	Mostrar que a gente se diverte fazendo « rá rá », rir.
risque	Perigo possível, risco.
rive	Beira de um rio, margem.
rivière	Curso de água, rio.
riz	Grãozinhos brancos que a gente cozinha, arroz.
robe	Roupa de menina de uma peça só, vestido.
robuste	Forte e resistente, robusto.
rocher	Bloco grande de pedra, rochedo.
roi	Homem que governa um reino, rei.
rond	Em forma de círculo, redondo.
ronde	Dança em círculo, roda; volta de vigilância, ronda.
rose	Flor perfumada, rosa; cor vermelho-clara, rosa.
rosée	Gotinhas de água na grama de manhã, orvalho.
roue	Objeto redondo que gira para fazer andar, roda.
rouge	Cor do tomate, vermelho.
route	Grande caminho para os carros, estrada.
ruban	Tira de tecido estreita, fita.
ruche	Casa das abelhas, colmeia.
rude	Duro, nada suave.
rue	Caminho numa cidade, entre as casas, rua.
ruelle	Ruazinha estreita, viela.
ruine	Resto de um prédio desabado, ruína.
rusé	Esperto, astuto.
règle	Instrumento para traçar linhas, régua; o que é preciso respeitar, regra.
récolte	O que a gente colhe nos campos, colheita.
réduire	Tornar menor, reduzir.
régime	Jeito de comer, dieta; cacho de bananas.
réponse	O que a gente diz depois de uma pergunta, resposta.
réunion	Momento em que pessoas se encontram, reunião.
réunir	Juntar, reunir.
rêve	História que a gente vê dormindo, sonho.
rôle	Personagem interpretado por um ator, papel.
sable	Grãozinhos da praia, areia.
sablé	Biscoitinho que esfarela.
sabot	Sapato de madeira, tamanco; pé do cavalo, casco.
sabre	Espada grande e curva, sabre.
sac	Objeto para carregar coisas, bolsa, saco.
sacoche	Bolsa resistente com alça.
sacré	Que a gente deve respeitar, sagrado; ligado à religião.
sage	Calmo, obediente; cheio de sabedoria, sábio.
sain	Bom para a saúde, saudável.
saison	Primavera, verão, outono ou inverno, estação.
salade	Planta verde de folhas que se come crua, salada.
sale	Que não está limpo, sujo.
salir	Deixar sujo, sujar.
salle	Cômodo grande, sala.
salon	Cômodo onde se recebem as visitas, sala de estar.
salut	Palavra para dizer oi.
samedi	Dia depois de sexta-feira, sábado.
sang	Líquido vermelho que circula no corpo, sangue.
sans	Que não tem, sem.
santé	Estado do corpo quando a gente não está doente, saúde.
sapin	Árvore verde o ano todo (árvore de Natal), abeto.
satin	Tecido macio e brilhante, cetim.
saut	Ato de pular, salto.
sauvage	Que vive livre na natureza, selvagem.
savoir	Conhecer, saber.
savon	Produto para se lavar, sabão.
seau	Recipiente com alça, balde.
sec	Que não está molhado, seco.
sel	Pó branco de sabor salgado, sal.
selon	De acordo com, segundo.
semaine	Sete dias, semana.
semer	Pôr sementes na terra, semear.
sept	O número 7, sete.
servir	Dar de comer, servir; ser útil.
seul	Sem ninguém, sozinho.
sien	Dele, dela.
singe	Animal que sobe em árvores, parecido com o ser humano, macaco.
sinon	Senão, caso contrário.
sitôt	Logo, imediatamente.
siècle	Cem anos, século.
siège	Aquilo em que a gente se senta, assento.
sobre	Que bebe e come pouco; simples, sóbrio.
soeur	Menina que tem os mesmos pais, irmã.
soie	Tecido muito macio e brilhante, seda.
soif	Vontade de beber, sede.
soin	Atenção, cuidado; o que a gente faz para tratar.
soir	Fim do dia, noite.
sol	Terra; chão, solo.
soldat	Homem ou mulher do exército, soldado.
soleil	Estrela que nos ilumina e nos aquece, sol.
solide	Que não quebra fácil, sólido.
son	Barulho, som; dele, dela.
sort	O que vai acontecer, sorte; fórmula mágica, feitiço.
sorte	Tipo, espécie.
sortie	Lugar por onde a gente sai, saída.
sortir	Ir para fora, sair.
sot	Que não é esperto, bobo.
sou	Antiga moedinha francesa.
soupe	Prato líquido de legumes, sopa.
sous	Embaixo de.
statue	Personagem esculpido em pedra ou metal, estátua.
suave	Doce e agradável, suave.
subir	Suportar algo desagradável.
sucre	Grãozinhos que dão um gosto doce, açúcar.
sud	Direção de baixo num mapa, sul.
sueur	Água que sai da pele quando a gente está com calor, suor.
suite	O que vem depois, sequência.
suivre	Ir atrás, seguir.
sujet	Aquilo de que se fala, assunto.
superbe	Muito bonito, magnífico.
sur	Em cima de, sobre.
surgir	Aparecer de repente.
surtout	Mais do que tudo, sobretudo.
sève	Líquido que circula nas plantas, seiva.
série	Sequência de coisas que vão juntas, série.
sévir	Punir com dureza.
table	Móvel com um tampo e pés, mesa.
tableau	Pintura, quadro; grande painel da sala de aula, lousa.
tablier	Roupa que a gente põe na frente do corpo para se proteger, avental.
tache	Marca suja, mancha.
tant	Tanto.
tante	Irmã do pai ou da mãe, tia.
tapis	Tecido grosso colocado no chão, tapete.
tard	Depois do momento de costume, tarde.
tarte	Bolo achatado com frutas, torta.
tartine	Fatia de pão com manteiga ou geleia.
tas	Coisas empilhadas, pilha.
tasse	Recipiente pequeno com alça para beber, xícara.
tel	Igual, assim.
tenir	Segurar na mão.
tenue	Roupas que a gente veste.
terme	Fim; palavra, termo.
terre	Chão; o planeta onde a gente vive, Terra.
tige	Parte comprida da planta que sustenta as folhas, caule.
tigre	Grande felino listrado de laranja e preto, tigre.
timide	Que não tem coragem de falar com os outros, tímido.
tirer	Puxar para si; lançar uma bola, atirar.
tiroir	Caixinha que desliza num móvel, gaveta.
titre	Nome de um livro, de um filme, título.
tiède	Nem quente nem frio, morno.
toile	Tecido; quadro pintado, tela.
toit	Parte de cima da casa, telhado.
tomate	Fruta vermelha que se come na salada, tomate.
tombe	Lugar onde se enterra um morto, túmulo.
tomber	Sofrer uma queda, cair.
ton	Jeito de falar, tom; teu, seu.
tortue	Animal lento com um casco, tartaruga.
tour	Prédio muito alto, torre; volta no carrossel; movimento em círculo.
tourner	Fazer um movimento em círculo, girar.
tous	Todos, sem exceção.
tout	Por inteiro, tudo.
trace	Marca deixada, rastro.
train	Vagões puxados por uma locomotiva sobre trilhos, trem.
tram	Tramway: trem que anda na cidade, bonde.
triste	Que não está contente, que tem tristeza.
trois	O número 3, três.
trop	Mais do que o necessário, demais.
trou	Abertura; buraco.
trouble	Que não está claro, turvo; agitação.
troupe	Grupo de soldados ou de atores, tropa.
très	Muito.
trésor	Objetos preciosos escondidos, tesouro.
tuer	Fazer morrer, matar.
tuile	Placa de barro cozido no telhado, telha.
tulipe	Flor de primavera em forma de taça, tulipa.
tête	Parte do corpo com o rosto, cabeça.
tôt	Cedo.
union	O fato de estar junto, união.
unique	Só existe um, único.
unir	Pôr junto, unir.
usage	Utilização, uso.
usine	Prédio onde se fabricam objetos, fábrica.
utile	Que serve para alguma coisa, útil.
vache	Animal da fazenda que dá leite, vaca.
valet	Empregado, criado; carta de baralho, valete.
valeur	O que uma coisa vale, valor; coragem.
valise	Bagagem para viajar, mala.
valoir	Ter um preço, um valor, valer.
vapeur	Nuvem que sai da água quente, vapor.
vase	Recipiente para as flores, vaso; lama no fundo da água.
vaste	Muito grande, vasto.
veau	Filhote da vaca, bezerro.
vendeur	Pessoa que vende, vendedor.
venir	Chegar aqui, vir.
vent	Ar que se mexe, vento.
vente	O fato de vender, venda.
verdure	Plantas verdes, verdura.
verger	Terreno plantado de árvores frutíferas, pomar.
vernir	Passar verniz para brilhar, envernizar.
vert	Cor da grama, verde.
vertu	Qualidade, como a coragem ou a honestidade, virtude.
veuf	Homem cuja esposa morreu, viúvo.
vice	Grande defeito, vício.
victime	Pessoa a quem acontece uma desgraça, vítima.
vide	Onde não há nada, vazio.
vider	Tirar o que tem dentro, esvaziar.
vie	Tempo entre o nascimento e a morte, vida.
vif	Rápido; cheio de energia, vivo.
visage	Frente da cabeça: olhos, nariz, boca, rosto.
viser	Apontar para um alvo, mirar.
visible	Que a gente pode ver, visível.
visite	O fato de ir ver alguém ou um lugar, visita.
vite	Rapidamente, rápido.
vitesse	Rapidez, velocidade.
vitre	Placa de vidro de uma janela, vidraça.
vitrine	Vidro de uma loja onde se mostram os objetos, vitrine.
vivre	Estar vivo; morar, viver.
voici	Olhe, é aqui, eis.
voie	Caminho, via; os trilhos do trem.
voile	Grande pano de um barco, vela; tecido fino, véu.
voir	Olhar com os olhos, ver.
voisin	Pessoa que mora ao lado, vizinho.
voiture	Veículo de quatro rodas com motor, carro.
vol	O ato de voar (no ar) ou de roubar de alguém, voo.
voler	Deslocar-se no ar, voar; pegar o que não é seu, roubar.
volet	Painel que fecha uma janela, persiana.
voleur	Pessoa que rouba, ladrão.
volume	Lugar que uma coisa ocupa; força do som; livro.
volée	Grupo de pássaros que voam juntos, revoada.
vue	O que a gente vê; o sentido que permite ver, visão.
vélo	Bicicleta.
vôtre	Que é de vocês, seu.
zèbre	Animal da África listrado de preto e branco, zebra.
zèle	Grande esforço para fazer bem, zelo.
âge	Número de anos desde o nascimento, idade.
âme	Espírito, o que faz viver, alma.
âne	Animal de orelhas compridas, primo do cavalo, burro.
écharpe	Tecido comprido que se põe em volta do pescoço, cachecol.
éclat	Pedacinho quebrado, lasca; brilho.
écluse	Porta num canal para fazer passar os barcos, eclusa.
école	Lugar onde a gente aprende, escola.
écolier	Criança que vai à escola.
écrire	Traçar letras e palavras, escrever.
écrit	O que está escrito.
écurie	Prédio para os cavalos, cavalariça.
église	Prédio para rezar entre os cristãos, igreja.
élève	Pessoa que aprende na escola, aluno.
énorme	Muito grande, enorme.
épine	Ponta que espeta numa planta, espinho.
épreuve	Exame, prova; momento difícil.
épée	Arma comprida de metal, espada.
étable	Prédio para as vacas, estábulo.
établir	Instalar, colocar, estabelecer.
étage	Nível de um prédio, andar.
étalage	Mercadorias mostradas na frente de uma loja.
état	Jeito de estar, estado; país.
éternel	Que nunca termina, eterno.
étoile	Ponto brilhante no céu à noite, estrela.
étrange	Esquisito, estranho.
étude	Trabalho para aprender, estudo.
été	Estação mais quente, verão.
être	Existir, ser.
île	Terra cercada de água, ilha.
