aberration	Erro absurdo, aberração.
abomination	Coisa horrível, abominação.
acceptation	O fato de aceitar, aceitação.
accessible	Que a gente pode alcançar ou compreender, acessível.
accommoder	Adaptar, acomodar; preparar um prato.
accomplissement	Realização, cumprimento.
accroupir	S'accroupir: abaixar-se sobre os calcanhares, agachar-se.
accroître	Aumentar, acrescer.
accueillant	Que recebe bem, acolhedor.
accusation	O fato de acusar, acusação.
acharnement	Obstinação, empenho.
acquiescement	Concordância, aquiescência.
acquiescer	Dizer sim, aquiescer.
acquisition	Compra, aquisição.
actionner	Pôr em funcionamento, acionar.
administrateur	Pessoa que administra, administrador.
administratif	Da administração, administrativo.
admirablement	Muito bem, admiravelmente.
adolescence	Idade entre a infância e a idade adulta, adolescência.
affaisser	S'affaisser: desabar, ceder.
affectation	Posto atribuído, designação; jeito afetado.
affirmation	O que a gente afirma, afirmação.
affleurer	Aparecer na superfície, aflorar.
affranchir	Libertar, alforriar; pôr selo.
affreusement	Terrivelmente.
affrontement	Combate, confronto.
affronter	Enfrentar enfrentando, encarar.
agenouiller	S'agenouiller: pôr-se de joelhos, ajoelhar-se.
agressivité	Violência, agressividade.
agriculture	Cultivo da terra, agricultura.
aisselle	Cavidade embaixo do braço, axila.
alimentaire	Da comida, alimentar.
alimentation	Comida, alimentação.
allitération	Repetição de um mesmo som de consoante, aliteração.
alternative	Escolha entre duas possibilidades, alternativa.
alternativement	Um depois do outro, alternadamente.
ambassadeur	Representante de um país no estrangeiro, embaixador.
amoncellement	Monte, amontoado.
amour-propre	Orgulho, amor-próprio.
anachronisme	Coisa que não é da sua época, anacronismo.
anaphore	Repetição de uma palavra no começo da frase, anáfora.
anguille	Peixe comprido como uma cobra, enguia.
antichambre	Sala de espera, antecâmara.
anticiper	Prever, antecipar.
anticonstitutionnellement	Contra a Constituição, inconstitucionalmente.
antithèse	Oposição de duas ideias, antítese.
antonyme	Palavra de sentido contrário, antônimo.
aphorisme	Frase curta que diz uma verdade, aforismo.
apocryphe	Cujo autor não é certo, apócrifo.
aporie	Problema sem solução, aporia.
apothéose	Momento mais bonito, apoteose.
applaudissement	Parabéns batendo palmas, aplauso.
apprentissage	O fato de aprender, aprendizagem.
apprivoisement	O fato de domesticar, domesticação.
apprivoiser	Tornar menos selvagem, domesticar.
approbation	Acordo, aprovação.
approfondir	Cavar mais fundo; estudar mais, aprofundar.
approprier	S'approprier: tomar para si, apropriar-se.
appréhender	Temer; prender.
appréhension	Temor, apreensão.
après-demain	Daqui a dois dias, depois de amanhã.
architecture	Arte de construir, arquitetura.
archéologue	Cientista que estuda os restos antigos, arqueólogo.
archétype	Modelo perfeito, arquétipo.
arrangement	Acordo, arranjo; disposição.
arrestation	O fato de prender alguém, prisão.
arrière-boutique	Cômodo atrás da loja, fundos.
arrière-grand-père	Pai do avô, bisavô.
arrière-pensée	Ideia escondida, segunda intenção.
articulation	Junta, articulação; pronúncia.
artillerie	Canhões, artilharia.
artilleur	Soldado da artilharia, artilheiro.
assaillir	Atacar, assaltar.
assemblage	Reunião de pedaços, montagem.
assemblée	Reunião, assembleia.
assigner	Atribuir, designar.
association	Grupo, associação.
assombrir	Deixar sombrio, escurecer.
assommer	Bater forte na cabeça, nocautear.
assourdissant	Muito barulhento, ensurdecedor.
asymptote	Reta da qual uma curva se aproxima sem tocar, assíntota.
asyndète	Supressão das palavras de ligação, assíndeto.
attendrir	Comover; deixar macio.
attendrissement	Emoção, comoção.
attraction	Atração; brinquedo de parque.
attribut	Qualidade, atributo; adjetivo ligado ao sujeito.
attribution	O fato de atribuir, atribuição.
au-dehors	Fora, do lado de fora.
au-dessous	Embaixo, abaixo.
augmentation	Aumento, alta.
authentique	Verdadeiro, autêntico.
automatique	Que funciona sozinho, automático.
automatiquement	Sem pensar, automaticamente.
autorisation	Permissão, autorização.
avant-garde	Os que estão na frente, vanguarda.
avant-guerre	Período antes da guerra, pré-guerra.
avant-hier	Há dois dias, anteontem.
avant-poste	Posto mais avançado, posto avançado.
avertissement	Aviso, advertência.
aveuglement	Falta de lucidez, cegueira.
axiome	Verdade aceita sem prova, axioma.
bafouiller	Falar de forma confusa, gaguejar.
balancement	Movimento de balança, balanço.
ballotter	Sacudir, balançar.
barbouiller	Sujar, borrar.
bassesse	Ação vergonhosa, baixeza.
bastille	Fortaleza (prisão de Paris tomada em 1789), Bastilha.
bataillon	Grupo de soldados, batalhão.
baïonnette	Lâmina na ponta da espingarda, baioneta.
belle-fille	Mulher do filho, nora.
bizarrement	De um jeito estranho, bizarramente.
bombardement	Ataque com bombas, bombardeio.
bouillant	Muito quente, fervente.
bouillie	Purê líquido, papa.
bouilloire	Recipiente para esquentar a água, chaleira.
bouillonner	Fazer bolhas, borbulhar.
bouleversant	Muito comovente.
bouleversement	Grande mudança, reviravolta.
brailler	Gritar.
brancardier	Quem carrega a maca, padioleiro.
bredouiller	Falar rápido e mal, balbuciar.
brouhaha	Barulho de vozes, burburinho.
brouiller	Misturar, embaralhar.
broussaille	Matagal, moitas.
bruissement	Barulhinho, sussurro.
bruyamment	Com barulho, ruidosamente.
bureaucratie	Poder dos escritórios, burocracia.
béquille	Bengala para andar, muleta.
c'est-à-dire	Dito de outro modo, ou seja.
cacophonie	Mistura de barulhos, cacofonia.
cambriolage	Roubo numa casa, arrombamento.
cambrioleur	Ladrão que entra nas casas, arrombador.
camionnette	Caminhão pequeno, caminhonete.
cantonnement	Alojamento de soldados, acantonamento.
capitalisme	Sistema econômico baseado na propriedade privada, capitalismo.
capitulation	Rendição, capitulação.
caractéristique	Traço particular, característica.
carrosse	Carro de luxo puxado por cavalos, carruagem.
carrosserie	Casco do carro, carroceria.
carrousel	Brinquedo giratório, carrossel.
casse-croûte	Lanche, petisco.
catastrophique	Muito grave, catastrófico.
catharsis	Libertação das emoções, catarse.
catégorique	Nítido, categórico.
certes	Claro, certamente.
chamailler	Se chamailler: brigar por nada, implicar.
charpentier	Artesão de estruturas de madeira, carpinteiro.
chatouiller	Fazer rir tocando, fazer cócegas.
chauve-souris	Mamífero que voa à noite, morcego.
cheminement	Progressão, percurso.
chenille	Larva da borboleta, lagarta.
chiasme	Figura em que as palavras se cruzam, quiasmo.
christianisme	Religião cristã, cristianismo.
chromatographie	Técnica para separar substâncias, cromatografia.
chromosome	Portador dos genes na célula, cromossomo.
chuchotement	Voz baixa, cochicho.
cinquantaine	Cerca de cinquenta.
civilisation	Cultura de um povo, civilização.
clandestinité	Vida escondida, clandestinidade.
coffre-fort	Cofre blindado.
collaborateur	Pessoa que trabalha com outra, colaborador.
collaboration	Trabalho em conjunto, colaboração.
collectionner	Reunir objetos, colecionar.
collectionneur	Pessoa que coleciona, colecionador.
combinaison	Montagem, combinação; roupa de uma peça, macacão.
commentaire	Observação, comentário.
commissaire	Chefe de polícia, comissário.
commissariat	Delegacia de polícia.
commission	Grupo encarregado de uma missão, comissão; compra, recado.
commissure	Canto dos lábios, comissura.
comparaître	Apresentar-se ao tribunal, comparecer.
compartiment	Compartimento; parte de um vagão.
compensation	Indenização, compensação.
complaisance	Indulgência excessiva, complacência.
complaisant	Bonzinho demais, complacente.
complication	Dificuldade, complicação.
comportement	Jeito de agir, comportamento.
compositeur	Autor de música, compositor.
compromettre	Pôr em perigo, comprometer.
compréhensible	Que a gente pode entender, compreensível.
compréhensif	Que entende os outros, compreensivo.
compréhension	O fato de entender, compreensão.
comptabilité	Administração das contas, contabilidade.
concentration	Atenção, concentração.
concomitamment	Ao mesmo tempo, concomitantemente.
concurrence	Rivalidade, concorrência.
condamnation	Pena, condenação.
condescendance	Superioridade desdenhosa, condescendência.
condoléance	Condoléances: conforto depois de uma morte, pêsames.
confidentiel	Secreto, confidencial.
confirmation	Prova, confirmação.
confrontation	Frente a frente, confronto.
confusément	De forma confusa, confusamente.
conjecture	Suposição, conjetura.
consciencieusement	Com cuidado, conscienciosamente.
conscient	Que sabe o que faz, consciente.
conservateur	Que conserva; que recusa a mudança, conservador.
conservatoire	Escola de música, conservatório.
considérablement	Muito, consideravelmente.
considération	Estima, consideração.
consistance	Espessura, consistência.
consommateur	Comprador, consumidor.
consommation	O fato de consumir, consumo.
conspiration	Complô, conspiração.
constatation	Observação, constatação.
consternation	Abatimento, consternação.
consultatif	Que dá uma opinião, consultivo.
consultation	Visita ao médico, consulta.
contemplation	O fato de contemplar, contemplação.
contemporain	Da mesma época; de hoje, contemporâneo.
contentement	Satisfação, contentamento.
contraction	Aperto, contração.
contradiction	Oposição, contradição.
contradictoire	Que se contradiz, contraditório.
contraindre	Obrigar, constranger.
contrairement	Ao contrário, em oposição.
contre-jour	Luz de frente, contraluz.
contremaître	Chefe de equipe, contramestre.
contribution	Participação, contribuição.
convaincant	Que convence, convincente.
convalescence	Período de cura, convalescença.
convenablement	Corretamente, convenientemente.
conventionnel	Habitual, convencional.
convocation	Chamado para vir, convocação.
coquetterie	Vontade de agradar, vaidade.
coquillage	Concha de um animal marinho.
corollaire	Consequência, corolário.
correctement	Bem, corretamente.
correspondre	Combinar, corresponder; escrever-se, trocar cartas.
corrompre	Comprar alguém de forma desonesta, corromper; estragar.
corruption	Desonestidade, corrupção.
coïncidence	Acaso, coincidência.
crasseux	Muito sujo, imundo.
cruellement	Com crueldade.
crépitement	Barulhinhos secos, crepitação.
cuillerée	Conteúdo de uma colher, colherada.
curieusement	De um jeito estranho, curiosamente.
célibataire	Que não é casado, solteiro.
d'emblée	Imediatamente, de saída.
dahlia	Flor de outono, dália.
dangereusement	Com perigo, perigosamente.
davantage	Mais.
demi-cercle	Metade de um círculo, semicírculo.
demi-douzaine	Seis, meia dúzia.
demi-heure	Trinta minutos, meia hora.
demi-siècle	Cinquenta anos, meio século.
desserrer	Soltar, afrouxar.
dessinateur	Pessoa que desenha, desenhista.
destruction	Demolição, destruição.
dialectique	Arte de raciocinar por argumentos opostos, dialética.
différemment	De outro modo, diferentemente.
différencier	Distinguir, diferenciar.
diplomatique	Da diplomacia, diplomático.
discriminant	Número que diz quantas soluções tem uma equação, discriminante.
discrètement	Sem chamar a atenção, discretamente.
distiller	Aquecer para separar um líquido, destilar.
distinctement	Claramente, distintamente.
distraitement	Sem atenção, distraidamente.
distributeur	Aparelho que distribui, distribuidor.
divertissement	Diversão, divertimento.
douillet	Confortável, aconchegante; sensível à dor.
douloureusement	Com dor, dolorosamente.
dysfonctionnement	Mau funcionamento, disfunção.
débarquement	Chegada pelo mar, desembarque.
débarrasser	Tirar, livrar.
déboutonner	Desabotoar.
débrouiller	Se débrouiller: dar um jeito, virar-se.
déchiffrer	Ler com dificuldade, decifrar.
déchiqueter	Rasgar em pedaços, picotar.
déchirement	Grande dor, dilaceramento.
décomposition	Apodrecimento, decomposição.
déconcertant	Perturbador, desconcertante.
déconcerter	Perturbar, desconcertar.
découragement	Perda de coragem, desânimo.
dédaigneux	Desdenhoso, desprezador.
défaillance	Fraqueza, desfalecimento.
défaillir	Desmaiar, desfalecer.
déferlement	Chegada em massa, enxurrada.
définitivement	Para sempre, definitivamente.
dégringoler	Cair, despencar.
déguisement	Fantasia, disfarce.
dégât	Dano, estrago.
délibérément	De propósito, deliberadamente.
délicatement	Suavemente, delicadamente.
délicatesse	Finura, delicadeza.
délicieusement	De um jeito delicioso, deliciosamente.
déliquescence	Decomposição, decadência.
démocratique	Da democracia, democrático.
démonstration	Prova, demonstração.
déménagement	Mudança de casa.
dépens	Aux dépens de: à custa de.
déplacement	Viagem, deslocamento.
dérailler	Sair dos trilhos, descarrilhar.
dérivée	Cálculo da inclinação de uma curva, derivada.
dérouiller	Tirar a ferrugem.
déroulement	Sequência dos acontecimentos, desenrolar.
désapprouver	Não concordar, desaprovar.
désastreux	Catastrófico, desastroso.
désespérément	Sem esperança, desesperadamente.
désinfecter	Matar os micróbios, desinfetar.
désintéresser	Se désintéresser: deixar de se interessar, desinteressar-se.
désinvolture	Descaso, desenvoltura.
détachement	Indiferença, desapego; grupo de soldados, destacamento.
détailler	Descrever, detalhar.
détermination	Vontade, determinação.
déterminisme	Ideia de que tudo tem uma causa, determinismo.
ecchymose	Mancha roxa na pele, equimose.
effaroucher	Assustar, espantar.
effectivement	Com efeito, efetivamente.
effervescence	Agitação, efervescência; bolhas.
effleurer	Tocar de leve, roçar.
effondrement	Desabamento, colapso.
effondrer	S'effondrer: desmoronar, desabar.
effraction	Entrada à força, arrombamento.
effrayant	Que dá medo, assustador.
effriter	Reduzir a migalhas, esfarelar.
embarcation	Barco, embarcação.
embarquement	Subida a bordo, embarque.
embarras	Constrangimento, embaraço.
embarrassant	Que constrange, embaraçoso.
embouteillage	Fila de carros, engarrafamento.
embrasse	Cordão que prende uma cortina, laço.
embrouiller	Complicar, embaralhar.
empirisme	Conhecimento pela experiência, empirismo.
employeur	Patrão, empregador.
empoisonner	Pôr veneno, envenenar.
empresser	S'empresser: apressar-se.
emprisonner	Pôr na prisão, prender.
encadrement	Moldura, enquadramento; supervisão.
enchantement	Magia, encanto; alegria.
enchaînement	Sequência, encadeamento.
encouragement	Apoio, encorajamento.
enfreindre	Desobedecer a uma regra, infringir.
engouffrer	S'engouffrer: entrar depressa, engolfar-se.
engourdissement	Perda de sensação, dormência.
engraisser	Fazer engordar.
enregistrer	Anotar, registrar; gravar o som.
entaille	Corte, entalhe.
enthousiasmer	Apaixonar, entusiasmar.
enthousiaste	Cheio de entusiasmo, entusiasta.
entre-temps	Enquanto isso, nesse meio-tempo.
entrebâiller	Abrir um pouco, entreabrir.
entrechoquer	Bater um no outro, entrechocar.
entrecroiser	Cruzar, entrecruzar.
entrepreneur	Chefe de empresa, empreendedor.
entrouvrir	Abrir um pouco, entreabrir.
envahisseur	Que invade, invasor.
enzyme	Proteína que acelera uma reação no corpo, enzima.
escadrille	Grupo de aviões, esquadrilha.
esclaffer	S'esclaffer: cair na gargalhada.
escroquerie	Engano, trapaça, estelionato.
espadrille	Sapato de tecido, alpargata.
essentiellement	Sobretudo, essencialmente.
essouffler	Tirar o fôlego.
esthétique	Da beleza, estética.
euphonie	Sons harmoniosos, eufonia.
euphémisme	Jeito suavizado de dizer, eufemismo.
exaltation	Entusiasmo, exaltação.
exaspération	Irritação, exasperação.
exceller	Ser excelente.
exceptionnellement	Raramente, excepcionalmente.
exclusivement	Unicamente, exclusivamente.
exhaler	Soltar um cheiro, exalar.
existentialisme	Filosofia da existência, existencialismo.
exploitation	Fazenda, exploração; uso abusivo.
exponentielle	Que cresce cada vez mais rápido, exponencial.
expérimenter	Experimentar, tentar.
extinction	Desaparecimento, extinção.
extraordinairement	Incrivelmente, extraordinariamente.
extravagant	Esquisito, extravagante.
faillite	Ruína de uma empresa, falência.
faine	Fruto da faia (também se escreve faîne).
familiarité	Proximidade, familiaridade.
farfouiller	Fuçar, remexer.
fascination	Atração, fascinação.
feuillet	Página, folha.
feuilleter	Virar as páginas, folhear.
feuilleton	História em episódios, folhetim, novela.
fluorescence	Luz emitida por certas matérias, fluorescência.
fonctionnaire	Empregado do Estado, funcionário público.
fonctionnement	Funcionamento.
fonctionner	Funcionar.
fondamental	Essencial, fundamental.
fonds	Dinheiro, fundos; terreno.
football	Esporte de bola com os pés, futebol.
formellement	Absolutamente, formalmente.
fossette	Pequena covinha na bochecha.
fouillis	Desordem, bagunça.
fournisseur	Vendedor, fornecedor.
fraîchement	Recentemente.
froissement	Barulho de papel, amassado.
frustration	Decepção, frustração.
frémissement	Tremor, estremecimento.
fréquemment	Com frequência, frequentemente.
fréquentation	Relação, convivência.
furieusement	Com fúria, furiosamente.
furtivement	Discretamente, furtivamente.
garde-à-vous	Posição militar imóvel, sentido.
gaspiller	Gastar à toa, desperdiçar.
gendarmerie	Delegacia dos gendarmes.
gentilhomme	Nobre, fidalgo.
gentillesse	Qualidade de quem é gentil.
gothique	Estilo de arquitetura da Idade Média, gótico.
gouttelette	Gotinha.
gouvernante	Mulher que cuida das crianças, governanta.
graisseux	Cheio de gordura, gorduroso.
grand-peine	À grand-peine: com dificuldade.
grandissant	Que cresce, crescente.
gratuitement	Sem pagar, gratuitamente.
griffonner	Escrever rápido e mal, rabiscar.
grisaille	Tempo cinzento.
grossièrement	Sem delicadeza, grosseiramente.
grossièreté	Palavra grosseira, grosseria.
grouillant	Que formiga, fervilhante.
grouillement	Agitação, formigamento.
grouiller	Formigar, fervilhar.
grésiller	Crepitar, chiar.
gémissement	Queixa, gemido.
généreusement	Com generosidade, generosamente.
géométrique	Da geometria, geométrico.
habituellement	Normalmente, habitualmente.
hallucination	Visão que não existe, alucinação.
hargneux	Agressivo, rabugento.
haussement	Movimento para cima, elevação.
haut-commissaire	Alto representante do Estado, alto-comissário.
haut-parleur	Aparelho que espalha o som, alto-falante.
hebdomadaire	Toda semana, semanal.
herméneutique	Arte de interpretar os textos, hermenêutica.
hollandais	Dos Países Baixos, holandês.
homéostasie	Equilíbrio interno do corpo, homeostase.
hongrois	Da Hungria, húngaro.
honnêtement	Francamente, honestamente.
honnêteté	Qualidade de quem é honesto, honestidade.
horriblement	Terrivelmente, horrivelmente.
hospitaliser	Pôr no hospital, internar.
hospitalité	Acolhida, hospitalidade.
huissier	Oficial de justiça.
humblement	Com modéstia, humildemente.
humiliation	Vergonha imposta, humilhação.
hygiénique	Limpo, saudável, higiênico.
hyperbole	Exagero, hipérbole; curva matemática.
hyperbolique	Exagerado, hiperbólico.
hypnotiser	Fazer dormir por hipnose, hipnotizar.
hypocrisie	Falsidade, hipocrisia.
hystérie	Excitação extrema, histeria.
hystérique	Muito agitado, histérico.
hédonisme	Busca do prazer, hedonismo.
hégémonie	Dominação, hegemonia.
hérisser	Eriçar, arrepiar.
héroïsme	Coragem, heroísmo.
héréditaire	Transmitido pelos pais, hereditário.
hésitation	Dúvida, hesitação.
hétéroclite	Variado, misturado, heteróclito.
hôpital	Lugar onde se cuida dos doentes, hospital.
identification	Reconhecimento, identificação.
idéalisme	Busca de um ideal, idealismo.
illimité	Sem limite, ilimitado.
illisible	Que não dá para ler, ilegível.
illumination	Ideia repentina; iluminação.
illusoire	Enganoso, ilusório.
illustration	Imagem, ilustração.
immanence	O que está dentro das coisas, imanência.
immobiliser	Tornar imóvel, imobilizar.
immortalité	Vida eterna, imortalidade.
impardonnable	Que não se pode perdoar, imperdoável.
impatiemment	Com impaciência.
impatienter	S'impatienter: perder a paciência, impacientar-se.
imperceptible	Que a gente não percebe, imperceptível.
imperceptiblement	Muito pouco, de forma imperceptível.
impersonnel	Neutro, impessoal.
imperturbable	Sempre calmo, imperturbável.
impitoyable	Sem piedade, impiedoso.
impressionnant	Espantoso, impressionante.
impressionner	Espantar, impressionar.
imprégner	Penetrar, impregnar.
imprévisible	Que não se pode prever, imprevisível.
impuissance	Incapacidade, impotência.
impénétrable	Inacessível, impenetrável.
impératrice	Mulher do imperador, imperatriz.
inacceptable	Inadmissível, inaceitável.
inaccessible	Fora de alcance, inacessível.
inaltérable	Que não se estraga, inalterável.
inauguration	Abertura oficial, inauguração.
incandescence	Luz de um corpo muito quente, incandescência.
incandescent	Ardente e luminoso, incandescente.
incarnation	Personificação, encarnação.
incertitude	Dúvida, incerteza.
incomparable	Único, incomparável.
incompréhensible	Que não se entende, incompreensível.
incompréhension	O fato de não compreender, incompreensão.
inconcevable	Que a gente nem consegue imaginar, inconcebível.
inconsciemment	Sem perceber, inconscientemente.
inconscience	Perda da consciência; irresponsabilidade, inconsciência.
inconscient	Desmaiado; imprudente, inconsciente.
incroyablement	Extremamente, incrivelmente.
incrédulité	Dúvida, incredulidade.
indestructible	Sólido, indestrutível.
indifférence	Desinteresse, indiferença.
indignation	Raiva, indignação.
indiscrétion	Curiosidade inoportuna, indiscrição.
indiscutable	Certo, indiscutível.
indubitablement	Sem nenhuma dúvida, indubitavelmente.
indéfiniment	Sem fim, indefinidamente.
indéfinissable	Difícil de definir, indefinível.
indépendant	Livre, independente.
inexplicable	Misterioso, inexplicável.
infaillible	Que nunca erra, infalível.
infatigable	Nunca cansado, infatigável.
inflexible	Rígido, inflexível.
inflexion	Mudança de tom, inflexão.
informateur	Pessoa que informa, informante.
inimaginable	Incrível, inimaginável.
injonction	Ordem, injunção.
inlassablement	Sem se cansar, incansavelmente.
innombrable	Muito numeroso, inúmero.
inquisition	Tribunal religioso de antigamente, inquisição.
insaisissable	Que não dá para pegar, inalcançável.
inscription	Texto gravado, inscrição; registro.
insensiblement	Pouco a pouco, insensivelmente.
insignifiant	Sem importância, insignificante.
insouciance	Leveza, despreocupação.
insoutenable	Insuportável, insustentável.
inspection	Controle, inspeção.
inspiration	Ideia, inspiração; entrada de ar.
installation	Colocação no lugar, instalação.
instantanément	Imediatamente, instantaneamente.
instinctif	Espontâneo, instintivo.
instinctivement	Sem pensar, instintivamente.
institution	Organismo, instituição.
insuffisance	Falta, insuficiência.
insuffisant	Que não basta, insuficiente.
insupportable	Intolerável, insuportável.
inséparable	Sempre junto, inseparável.
intensément	Com força, intensamente.
intercepter	Parar no caminho, interceptar.
interdiction	Proibição, interdição.
interlocuteur	Pessoa com quem a gente fala, interlocutor.
interminablement	Sem fim, interminavelmente.
international	Entre países, internacional.
interprétation	Explicação, interpretação.
interpréter	Explicar, interpretar; fazer um papel.
interrogation	Pergunta, interrogação.
interrogatoire	Série de perguntas, interrogatório.
intervention	Ação, intervenção.
intolérable	Insuportável, intolerável.
introuvable	Impossível de encontrar.
intégrale	Obra completa, integral; cálculo de área em matemática.
intérieurement	Dentro de si, interiormente.
inutilement	À toa, inutilmente.
invariablement	Sempre, invariavelmente.
investigation	Pesquisa, investigação.
investissement	Aplicação de dinheiro, investimento.
involontaire	Sem querer, involuntário.
invraisemblable	Incrível, inverossímil.
inéluctable	Inevitável, ineludível.
inéluctablement	Inevitavelmente.
irremplaçable	Único, insubstituível.
irresponsable	Que não se importa com as consequências, irresponsável.
irritation	Aborrecimento, irritação.
irruption	Entrada brusca, irrupção.
irrémédiable	Definitivo, irremediável.
irrémédiablement	Definitivamente, irremediavelmente.
irréparable	Que não dá para consertar, irreparável.
irréprochable	Perfeito, irrepreensível.
irrésistible	Que a gente não consegue recusar, irresistível.
irrésistiblement	Sem poder resistir, irresistivelmente.
journalisme	Profissão de jornalista, jornalismo.
jurisprudence	Decisões da justiça que servem de exemplo, jurisprudência.
justification	Explicação, justificativa.
lamentation	Queixa, lamentação.
lentille	Legume seco, lentilha; vidro óptico, lente.
litote	Dizer menos para sugerir mais, lítotes.
littéralement	Palavra por palavra, literalmente.
logarithme	Função matemática que transforma produtos em somas, logaritmo.
luminescence	Luz fria, luminescência.
là-dessous	Embaixo disso.
là-dessus	Em cima disso.
légionnaire	Soldado da Legião, legionário.
machinalement	Sem pensar, maquinalmente.
magnétophone	Aparelho para gravar o som, gravador.
maisonnette	Casinha.
maladroitement	Sem habilidade, desajeitadamente.
mallette	Maleta.
malédiction	Sorte funesta, maldição.
mammouth	Elefante pré-histórico, mamute.
manifestation	Desfile, manifestação; sinal.
manifestement	Visivelmente, manifestamente.
maquillage	Produtos de beleza, maquiagem.
maquiller	Pôr maquiagem, maquiar.
marionnette	Boneco que a gente movimenta, marionete.
matérialiser	Tornar concreto, materializar.
matérialisme	Gosto pelos bens materiais, materialismo.
mayonnaise	Molho de ovos e óleo, maionese.
maïeutique	Arte de fazer encontrar as ideias por perguntas, maiêutica.
mentalement	Na cabeça, mentalmente.
mentionner	Citar, mencionar.
minutieusement	Com precisão, minuciosamente.
miraculeusement	Por milagre, miraculosamente.
miséricordieux	Que perdoa, misericordioso.
mitochondrie	Pequena usina de energia da célula, mitocôndria.
mobilisation	Convocação dos soldados, mobilização.
modification	Mudança, modificação.
mollesse	Falta de energia, moleza.
momentanément	Por um momento, momentaneamente.
monstrueux	Horrível, monstruoso.
mordiller	Morder de leve, mordiscar.
mousquetaire	Soldado do rei antigamente, mosqueteiro.
municipalité	Prefeitura, município.
music-hall	Sala de espetáculo de variedades, music-hall.
mutuellement	Um ao outro, mutuamente.
mystérieusement	De modo misterioso, misteriosamente.
mythique	Lendário, mítico.
méconnaissable	Muito mudado, irreconhecível.
méconnaître	Ignorar, desconhecer.
mécontentement	Insatisfação, descontentamento.
méditerranéen	Do Mediterrâneo, mediterrâneo.
mésaventure	Pequena desgraça, contratempo.
métamorphose	Transformação, metamorfose.
métamorphoser	Transformar, metamorfosear.
métaphysique	Reflexão sobre o que vai além do mundo físico, metafísica.
métonymie	Designar uma coisa por outra ligada a ela, metonímia.
nationalisme	Amor exclusivo pela própria nação, nacionalismo.
nationalité	País de que a gente é cidadão, nacionalidade.
nerveusement	Com nervosismo, nervosamente.
nettoyage	Limpeza.
neutraliser	Tornar inofensivo, neutralizar.
nihilisme	Ideia de que nada tem valor, niilismo.
nonchalance	Lentidão, indolência, despreocupação.
nostalgique	Que sente saudade do passado, nostálgico.
nourrisson	Bebê, lactente.
nécessairement	Necessariamente, por força.
négligeable	Sem importância, desprezível.
négligemment	Sem cuidado, negligentemente.
négociation	Conversa para chegar a um acordo, negociação.
obscurément	Vagamente, obscuramente.
obsolescence	O fato de ficar ultrapassado, obsolescência.
obstination	Teimosia, obstinação.
obstinément	Com teimosia, obstinadamente.
obséquieux	Educado demais, obsequioso.
officiellement	Publicamente, oficialmente.
offrande	Dom, oferenda.
oligarchie	Poder de alguns poucos, oligarquia.
ombrelle	Guarda-sol, sombrinha.
onctueux	Cremoso, untuoso.
ontologie	Estudo do ser, ontologia.
opposition	Contraste, oposição; desacordo.
oppresser	Sufocar, oprimir.
oppression	Dominação, opressão.
organisation	Preparação, organização; grupo.
orientation	Direção, orientação.
originalité	Novidade, originalidade.
orthodoxe	Conforme, ortodoxo; cristão do Oriente.
osciller	Balançar, oscilar.
ostensiblement	Visivelmente, ostensivamente.
otorhinolaryngologiste	Médico dos ouvidos, do nariz e da garganta, otorrinolaringologista.
ouvertement	Francamente, abertamente.
oxymore	Associação de palavras contrárias, oximoro.
pagaille	Desordem, bagunça.
paillasse	Colchão de palha; bancada de laboratório.
paillasson	Tapete na frente da porta, capacho.
panthéon	Monumento aos grandes homens, panteão.
parachutiste	Pessoa que salta de paraquedas, paraquedista.
paradoxalement	Contra toda expectativa, paradoxalmente.
parcours	Trajeto, percurso.
pareillement	Da mesma forma.
parenthèse	Sinal ( ), parêntese; digressão.
paronomase	Aproximação de palavras de sons parecidos, paronomásia.
participation	Contribuição, participação.
particularité	Característica, particularidade.
passe-temps	Lazer, passatempo.
passerelle	Pequena ponte, passarela.
passionnant	Cativante, apaixonante.
passionnel	Ditado pela paixão, passional.
passionner	Interessar muito, apaixonar.
passionnément	Com paixão, apaixonadamente.
pastille	Balinha, pastilha.
pathétique	Comovente, patético.
patriotique	Da pátria, patriótico.
patrouille	Ronda de soldados ou de policiais, patrulha.
pensivement	Refletindo, pensativamente.
perfectionner	Melhorar, aperfeiçoar.
performance	Resultado, desempenho.
perplexité	Dúvida, perplexidade.
perpétuellement	Sempre, perpetuamente.
perquisition	Busca feita pela polícia.
personnellement	Em pessoa, pessoalmente.
persécution	Perseguição.
petite-fille	Filha do filho ou da filha, neta.
philosophique	Da filosofia, filosófico.
phonographe	Antigo toca-discos, fonógrafo.
phosphorescence	Brilho no escuro, fosforescência.
phosphorescent	Que brilha no escuro, fosforescente.
photographe	Pessoa que tira fotos, fotógrafo.
physionomie	Rosto, fisionomia.
physiquement	Pelo corpo, fisicamente.
phénomène	Fato espantoso, fenômeno.
phénoménologie	Filosofia da experiência vivida, fenomenologia.
piaillement	Gritos de pássaros, pipilo.
piailler	Gritar, piar.
pique-nique	Refeição ao ar livre, piquenique.
piétinement	O fato de pisotear.
plaisanterie	Piada, brincadeira.
plate-forme	Superfície plana, plataforma.
pleurnicher	Chorar à toa, choramingar.
plébiscite	Voto do povo, plebiscito.
pléonasme	Repetição inútil (monter en haut: subir para cima), pleonasmo.
poisseux	Grudento, pegajoso.
polynôme	Soma de termos em matemática, polinômio.
polysémie	Vários sentidos para uma palavra, polissemia.
porte-monnaie	Bolsinha para o dinheiro, carteira de moedas.
possibilité	Chance, possibilidade.
posthume	Depois da morte, póstumo.
pourchasser	Perseguir.
poussiéreux	Cheio de poeira, empoeirado.
pratiquement	Quase, praticamente.
pressentiment	Intuição, pressentimento.
prestigieux	Renomado, prestigioso.
primitive	Primeira, de origem, primitiva; função da qual se parte em matemática.
privilégier	Preferir, privilegiar.
procès-verbal	Relatório oficial, auto; multa.
progression	Avanço, progressão.
progressivement	Pouco a pouco, progressivamente.
prolongement	Continuação, prolongamento.
prosopopée	Fazer falar um ausente ou um objeto, prosopopeia.
protestation	Queixa, protesto.
provisoirement	Por enquanto, provisoriamente.
provocation	Desafio, provocação.
précipitamment	Muito depressa, precipitadamente.
précipitation	Pressa, precipitação; chuva.
prémonition	Pressentimento, premonição.
préoccupation	Preocupação.
prépondérance	Superioridade, preponderância.
présentation	O fato de apresentar, apresentação.
présidentiel	Do presidente, presidencial.
prétentieux	Vaidoso, pretensioso.
psychanalyse	Método que trata falando do próprio inconsciente, psicanálise.
psychiatrique	Da psiquiatria, psiquiátrico.
psychologique	Da mente, psicológico.
psychologue	Especialista da mente, psicólogo.
publication	Lançamento, publicação.
publicitaire	Da publicidade, publicitário.
publiquement	Diante de todos, publicamente.
puits	Buraco fundo para tirar água, poço.
pull-over	Suéter, pulôver.
pusillanime	Medroso, pusilânime.
pénitentiaire	Das prisões, penitenciário.
péremptoire	Sem réplica, peremptório.
périphrase	Expressão que substitui uma palavra, perífrase.
quarantaine	Cerca de quarenta, quarentena; isolamento.
questionner	Interrogar, questionar.
quintessence	O essencial, quintessência.
quotidiennement	Todo dia, cotidianamente.
raccommoder	Consertar, remendar.
raccompagner	Acompanhar de volta.
raccourcir	Tornar mais curto, encurtar.
raccrocher	Pendurar de novo; terminar uma ligação, desligar.
raffinement	Elegância, refinamento.
rageusement	Com raiva.
raisonnement	Reflexão, raciocínio.
randonnée	Passeio longo, caminhada, trilha.
rapprochement	Reconciliação, aproximação.
rassemblement	Reunião, concentração.
rationalisme	Confiança na razão, racionalismo.
rationnel	Lógico, racional.
ravissement	Encantamento, deslumbramento.
ravitaillement	Abastecimento.
ravitailler	Fornecer mantimentos, abastecer.
rayonnage	Prateleiras, estantes.
rayonnant	Radiante.
rayonnement	Brilho, irradiação; influência.
reconnaissable	Que a gente reconhece, reconhecível.
reconstituer	Refazer, reconstituir.
reconstruction	O fato de reconstruir, reconstrução.
reconstruire	Construir de novo, reconstruir.
recroqueviller	Se recroqueviller: encolher-se sobre si mesmo.
rectangulaire	Em forma de retângulo, retangular.
redressement	Recuperação, endireitamento.
regrettable	Uma pena, lamentável.
rehausser	Pôr em destaque, realçar.
remords	Arrependimento por uma falta, remorso.
remplacement	Substituição.
remplaçant	Suplente, substituto.
remue-ménage	Agitação, reboliço.
renoncement	Abandono, renúncia.
reproduction	Cópia, reprodução; nascimento dos filhotes.
ressasser	Repetir, remoer.
ressemblance	Semelhança.
ressentiment	Rancor, ressentimento.
resserrer	Apertar mais.
ressusciter	Voltar à vida, ressuscitar.
restauration	Conserto, restauração; restaurante.
restriction	Limitação, restrição.
retrouvaille	Retrouvailles: o fato de se reverem, reencontro.
revendication	Pedido, reivindicação.
revendiquer	Reclamar, reivindicar.
rhabiller	Vestir de novo.
rhubarbe	Planta de talos azedos, ruibarbo.
rhétorique	Arte de falar bem, retórica.
ribosome	Pequena fábrica que produz as proteínas na célula, ribossomo.
ridiculiser	Tornar ridículo, ridicularizar.
rigoureusement	Estritamente, rigorosamente.
ronronnement	Barulho do gato, ronrom.
rugissement	Grito do leão, rugido.
réalisation	Obra, realização.
réapparaître	Voltar, reaparecer.
réconciliation	Fim de uma briga, reconciliação.
réconcilier	Pôr de acordo de novo, reconciliar.
réconfortant	Tranquilizador, reconfortante.
récurrence	Repetição, recorrência.
réfrigérateur	Geladeira, refrigerador.
référendum	Voto do povo sobre uma questão, referendo.
réglementaire	Conforme o regulamento, regulamentar.
réminiscence	Lembrança, reminiscência.
réprobation	Desaprovação, reprovação.
républicain	Da república, republicano.
réquisitionner	Usar à força, requisitar.
résignation	Aceitação, resignação.
résurrection	Volta à vida, ressurreição.
rétablissement	Cura, restabelecimento.
rétroviseur	Espelho de carro, retrovisor.
réveillon	Refeição de festa na noite de Natal ou de Ano-Novo, réveillon.
révolutionnaire	Que muda tudo, revolucionário.
saillant	Que se destaca, saliente.
sanction	Castigo, sanção.
sans-pareil	Único, sem igual.
satisfaisant	Suficiente, satisfatório.
sauvagement	Com violência, selvagemente.
sauvegarder	Proteger, salvaguardar; salvar (um arquivo).
scandaliser	Chocar, escandalizar.
scepticisme	Dúvida, ceticismo.
schizophrénie	Doença mental que perturba a percepção do real, esquizofrenia.
sciemment	De propósito, conscientemente.
scintillant	Que cintila.
secrètement	Em segredo, secretamente.
sensationnel	Extraordinário, sensacional.
sensibilité	Delicadeza, sensibilidade.
serpillière	Pano para lavar o chão, pano de chão.
siffloter	Assobiar baixinho.
signalement	Descrição, sinalização.
significatif	Revelador, significativo.
signification	Sentido, significação.
simultanément	Ao mesmo tempo, simultaneamente.
singulièrement	Particularmente, singularmente.
soixantaine	Cerca de sessenta.
solennellement	De forma solene, solenemente.
sollicitude	Atenção, solicitude.
sommeiller	Dormir de leve, cochilar.
somptueux	Luxuoso, suntuoso.
sophisme	Raciocínio falso, sofisma.
soudainement	De repente, subitamente.
soufflet	Instrumento para soprar, fole; tapa.
souffrant	Doente, sofredor.
soupçonneux	Desconfiado, suspeitoso.
sournoisement	De modo hipócrita, sorrateiramente.
sous-lieutenant	Oficial, subtenente.
sous-officier	Militar graduado, suboficial.
spaghetti	Massa comprida, espaguete.
spectaculaire	Impressionante, espetacular.
spontanément	Naturalmente, espontaneamente.
spécialiser	Se spécialiser: dedicar-se a uma área, especializar-se.
spéculation	Hipótese, especulação; aposta nos preços.
station-service	Lugar onde se coloca gasolina, posto de gasolina.
stochastique	Devido ao acaso, estocástico.
stoïcisme	Coragem diante da dor, estoicismo.
stratégique	Da estratégia, estratégico.
strictement	Rigorosamente, estritamente.
stupidement	Bobamente, estupidamente.
stœchiométrie	Cálculo das quantidades numa reação química, estequiometria.
subrepticement	Às escondidas, sub-repticiamente.
successeur	Aquele que vem depois, sucessor.
succession	Sequência, sucessão; herança.
suffisamment	O bastante, suficientemente.
superstitieux	Que acredita em presságios, supersticioso.
superstition	Crença irracional, superstição.
suppliant	Que suplica, suplicante.
supplication	Prece, súplica.
supplément	Acréscimo, suplemento.
supplémentaire	A mais, suplementar.
supportable	Tolerável, suportável.
supposition	Hipótese, suposição.
supprimer	Tirar, suprimir.
sur-le-champ	Imediatamente, na hora.
surhumain	Além do humano, sobre-humano.
surlendemain	Dois dias depois.
surveillant	Pessoa que vigia, inspetor.
susceptible	Que se ofende com facilidade, suscetível; capaz de.
syllogisme	Raciocínio em três etapas, silogismo.
sympathie	Afeição, simpatia.
synecdoque	Designar o todo por uma parte, sinédoque.
systématiquement	Sempre, sistematicamente.
tambouriner	Tamborilar com a ponta dos dedos.
tautologie	Repetição inútil de uma ideia, tautologia.
tempérament	Caráter, temperamento.
terrasser	Derrubar, prostrar.
terre-plein	Terreno elevado, aterro.
terriblement	Muito, terrivelmente.
thermodynamique	Ciência do calor e da energia, termodinâmica.
théocratie	Governo religioso, teocracia.
théologie	Estudo de Deus, teologia.
théorique	Abstrato, teórico.
théorème	Verdade demonstrada, teorema.
tignasse	Cabeleira desarrumada, grenha.
tirailleur	Soldado, atirador.
torpille	Arma submarina, torpedo.
tortiller	Torcer, retorcer.
totalitarisme	Regime que controla tudo, totalitarismo.
touristique	Para os turistas, turístico.
tout-puissant	Que pode tudo, todo-poderoso.
tranquillité	Calma, tranquilidade.
transcendance	O que vai além do mundo, transcendência.
transfigurer	Transformar, transfigurar.
translucide	Que deixa passar a luz, translúcido.
transmission	Passagem, transmissão.
transparence	Clareza, transparência.
transpercer	Furar de lado a lado, transpassar.
tremblement	Sacudida, tremor.
triangulaire	Em forma de triângulo, triangular.
trigonométrie	Cálculo dos ângulos e dos lados dos triângulos, trigonometria.
trouvaille	Descoberta, achado.
télégraphier	Enviar um telegrama, telegrafar.
téléphonique	Do telefone, telefônico.
tête-à-tête	Encontro a dois, tête-à-tête, conversa a sós.
universitaire	Da universidade, universitário.
utilisation	Uso, utilização.
utilitarisme	Moral baseada na utilidade, utilitarismo.
va-et-vient	Idas e vindas, vaivém.
vacillant	Que vacila, vacilante.
vaciller	Cambalear, vacilar.
veilleur	Guarda noturno, vigia.
veilleuse	Luzinha de noite, lamparina.
verrouiller	Fechar à chave, trancar.
vertigineux	Que dá vertigem, vertiginoso.
violoncelle	Violino grande, violoncelo.
volontairement	De propósito, voluntariamente.
vraisemblable	Crível, verossímil.
vraisemblablement	Provavelmente, verossimilmente.
vérification	Controle, verificação.
véritablement	De verdade, verdadeiramente.
éblouissant	Que cega, deslumbrante.
éblouissement	Encantamento, deslumbramento.
écarquiller	Abrir bem (os olhos), arregalar.
échafaudage	Estrutura para obras, andaime.
éclaboussure	Mancha, respingo.
écroulement	Desabamento.
égratignure	Pequeno ferimento, arranhão.
électromagnétisme	Ciência da eletricidade e do magnetismo, eletromagnetismo.
électronique	Ciência dos circuitos, eletrônica.
éloignement	Distância, afastamento.
élémentaire	Simples, elementar.
émerveillement	Admiração, deslumbramento.
énigmatique	Misterioso, enigmático.
éparpiller	Espalhar, dispersar.
épicurisme	Filosofia que busca um prazer moderado, epicurismo.
épiphénomène	Fato secundário, epifenômeno.
épistémologie	Estudo das ciências, epistemologia.
épouvantail	Boneco para assustar os pássaros, espantalho.
équiprobable	Que tem a mesma chance de acontecer, equiprovável.
éternellement	Para sempre, eternamente.
étrangement	De um jeito estranho, estranhamente.
étroitement	De perto, estreitamente.
éventualité	Possibilidade, eventualidade.
éventuellement	Se for preciso, eventualmente.
