abattre	Faire tomber ; tuer un animal.
abbé	Prêtre ; chef d'une abbaye.
abondance	Grande quantité.
abondant	En grande quantité.
abord	D'abord : en premier.
aboyer	Crier, pour un chien.
abri	Endroit où l'on est protégé.
absence	Le fait de ne pas être là.
abîme	Trou très profond.
abîmer	Mettre en mauvais état.
accident	Événement imprévu qui fait des dégâts.
acclamer	Applaudir en criant.
accorder	Donner ; mettre d'accord.
accuser	Dire que quelqu'un a fait une faute.
acharner	S'acharner : continuer sans arrêter.
acheteur	Personne qui achète.
acide	Qui pique la langue, comme le citron.
activité	Occupation, ce qu'on fait.
admirable	Qu'on admire.
adresse	Lieu où l'on habite ; habileté.
adresser	Envoyer ; parler à quelqu'un.
affaire	Chose à faire ; bonne occasion.
affection	Tendresse.
affiche	Grande feuille collée au mur.
agacer	Énerver un peu.
agitation	Mouvements dans tous les sens.
agiter	Remuer.
agréer	Accepter, trouver bon.
agrément	Plaisir ; accord.
aigu	Pointu ; son très haut.
aiguille	Tige fine pour coudre ; flèche d'une montre.
ainsi	Comme ça.
aire	Surface ; endroit aménagé (aire de jeux).
aisé	Facile ; un peu riche.
alcool	Liquide dans le vin et la bière.
allonger	Rendre plus long ; s'allonger : se coucher.
allumer	Mettre en marche ; mettre le feu.
allumette	Petit bâton qui fait du feu.
alouette	Petit oiseau des champs.
ambiance	Atmosphère d'un lieu.
amende	Argent à payer quand on n'a pas respecté la loi.
amer	Goût désagréable, comme le café sans sucre.
amitié	Lien entre amis.
amnésie	Perte de la mémoire.
ample	Large.
amusement	Ce qui amuse.
anglais	D'Angleterre ; langue parlée en Angleterre.
animation	Mouvement, vie ; activité organisée.
annonce	Nouvelle qu'on fait savoir.
annuel	Qui a lieu chaque année.
anxiété	Grande inquiétude.
août	Huitième mois de l'année.
apaiser	Calmer.
apparence	Ce qu'on voit de l'extérieur.
apporter	Porter jusqu'ici.
approche	Arrivée proche.
approcher	Venir près.
appui	Soutien.
aquarium	Bac en verre où vivent des poissons.
araignée	Petit animal à huit pattes qui tisse une toile.
arracher	Enlever en tirant fort.
arriver	Venir jusqu'à un endroit.
arrivée	Moment où l'on arrive.
arrière	Derrière.
arroser	Mouiller avec de l'eau.
assez	Suffisamment.
assister	Être présent ; aider.
assurance	Confiance en soi ; contrat qui protège.
assurer	Dire que c'est sûr ; protéger.
atome	Toute petite particule qui forme la matière.
attaque	Assaut.
attaquer	Commencer à se battre.
attendre	Rester jusqu'à ce que quelque chose arrive.
attentif	Qui fait attention.
attention	Concentration ; prudence.
attirer	Tirer vers soi ; plaire.
attribuer	Donner.
aubergine	Légume violet.
aubépine	Arbuste à fleurs blanches et à épines.
aussitôt	Tout de suite.
automne	Saison où les feuilles tombent.
autoriser	Permettre.
autorité	Pouvoir de commander.
autrefois	Il y a longtemps.
autrement	D'une autre façon.
avantage	Ce qui est favorable.
aventure	Ce qui arrive d'extraordinaire.
azote	Gaz qui forme la plus grande partie de l'air.
azur	Bleu du ciel.
aîné	Le plus âgé des enfants.
baguette	Pain long et fin ; petit bâton.
baisser	Descendre.
balancer	Faire aller d'un côté et de l'autre.
bambin	Petit enfant.
banquier	Personne qui travaille dans une banque.
baptême	Cérémonie chrétienne pour entrer dans l'Église ; première fois.
barrière	Clôture ; obstacle.
bateau	Engin qui flotte et navigue sur l'eau.
battre	Frapper ; gagner contre quelqu'un.
beaucoup	En grande quantité.
bercer	Balancer doucement un bébé.
betterave	Légume rouge ou racine qui donne du sucre.
beurre	Matière grasse faite avec la crème du lait.
bibelot	Petit objet de décoration.
bienfait	Bonne action.
bienvenue	Mot pour accueillir.
blessure	Endroit où l'on est blessé.
blottir	Se blottir : se serrer dans un coin, contre quelqu'un.
boisson	Ce qu'on boit.
boiteux	Qui boite.
bonhomme	Homme ; personnage (bonhomme de neige).
boucher	Personne qui vend la viande ; fermer un trou.
boueux	Plein de boue.
bouillon	Soupe claire.
bourgeon	Petite pousse d'où sortent les feuilles.
boussole	Objet dont l'aiguille montre le nord.
bouteille	Récipient à goulot pour les liquides.
boîte	Objet pour ranger.
brigand	Bandit.
brindille	Petite branche fine.
brouillon	Premier essai qu'on corrige.
broyer	Écraser.
brumeux	Plein de brume.
bruyant	Qui fait beaucoup de bruit.
brèche	Trou dans un mur.
brûlant	Très chaud.
brûler	Détruire par le feu.
buis	Arbuste toujours vert.
buisson	Groupe de petits arbustes.
bâillon	Tissu mis sur la bouche pour empêcher de crier.
bâtiment	Construction.
béret	Chapeau rond et plat.
caisse	Grande boîte ; endroit où l'on paie.
calvaire	Croix au bord d'un chemin ; grande souffrance.
canot	Petit bateau.
cantique	Chant religieux.
caractère	Façon d'être ; lettre imprimée.
carbone	Élément qu'on trouve dans le charbon et dans tous les êtres vivants.
carillon	Ensemble de cloches.
carotte	Légume orange et long.
carreau	Petit carré ; vitre ; carte à jouer.
carrière	Métier ; endroit d'où l'on tire des pierres.
casquette	Chapeau avec une visière.
celle-ci	Cette personne-ci, cette chose-ci (au féminin).
celui-ci	Cette personne-ci, cette chose-ci (au masculin).
centaine	Groupe de cent.
central	Au centre.
cercueil	Caisse où l'on met un mort.
cesse	Sans cesse : tout le temps.
ceux	Ces personnes-là.
chameau	Animal du désert à deux bosses.
changer	Rendre différent.
chanter	Faire de la musique avec sa voix.
chapelet	Collier de perles pour prier.
chariot	Petite voiture qu'on pousse.
charmant	Très agréable.
chasser	Poursuivre des animaux ; faire partir.
chauffage	Appareil qui chauffe.
chauffer	Rendre chaud.
chauffeur	Personne qui conduit.
chaumière	Petite maison au toit de chaume.
chausser	Mettre des chaussures.
chaussure	Ce qu'on met aux pieds.
chaussée	Partie de la rue pour les voitures.
chaux	Poudre blanche pour le ciment.
chaîne	Anneaux accrochés les uns aux autres.
chevet	Tête du lit.
cheveu	Poil de la tête.
chevreuil	Animal sauvage de la forêt, plus petit que le cerf.
chiffon	Morceau de tissu pour nettoyer.
chiffre	Signe pour écrire les nombres (0 à 9).
choeur	Groupe de chanteurs.
choix	Ce qu'on choisit.
chou	Gros légume rond à feuilles.
châtaigne	Fruit brun du châtaignier.
château	Grande demeure d'un roi ou d'un seigneur.
cime	Haut d'un arbre ou d'une montagne.
cimetière	Endroit où l'on enterre les morts.
cinquante	Le nombre 50.
cirer	Faire briller avec de la cire.
citer	Nommer ; répéter ce qu'un autre a dit.
citoyen	Personne qui fait partie d'un pays.
civil	Qui n'est pas militaire ; poli.
clairière	Endroit sans arbres dans une forêt.
classique	Habituel ; ancien et célèbre.
clos	Fermé.
clown	Personnage du cirque qui fait rire.
coffre	Grande boîte ; arrière de la voiture.
coffret	Petite boîte.
coiffer	Arranger les cheveux.
coiffure	Façon d'arranger les cheveux.
colis	Paquet envoyé.
coller	Faire tenir avec de la colle.
collier	Bijou autour du cou.
colline	Petite montagne.
combler	Remplir ; rendre très heureux.
commande	Ce qu'on demande à acheter.
commencer	Débuter.
comment	De quelle façon ?
commerce	Achat et vente.
communion	Cérémonie chrétienne où l'on reçoit l'hostie.
complet	Entier ; plein.
composer	Former ; écrire de la musique.
comte	Noble d'autrefois.
comète	Astre avec une longue queue lumineuse.
concert	Spectacle de musique.
conclure	Finir ; décider.
confiance	Quand on croit en quelqu'un.
confus	Pas clair ; gêné.
congrès	Grande réunion.
consacrer	Donner son temps à.
conserver	Garder.
consoler	Réconforter quelqu'un qui a du chagrin.
constant	Qui ne change pas.
constater	Remarquer.
consulter	Demander conseil ; regarder (un livre).
contact	Toucher ; relation.
content	Heureux.
contenter	Rendre content.
conter	Raconter.
continent	Très grande terre (Europe, Afrique…).
continuel	Qui ne s'arrête pas.
continuer	Ne pas s'arrêter.
contraire	Opposé.
contrée	Région.
convertir	Faire changer d'avis ou de religion.
coquille	Enveloppe dure de l'œuf ou de l'escargot.
corridor	Couloir.
corriger	Enlever les fautes.
coucher	Mettre au lit.
courageux	Qui a du courage.
courant	Mouvement de l'eau ; électricité.
couronne	Cercle d'or sur la tête du roi.
coussin	Petit oreiller.
couteau	Outil pour couper.
couvent	Maison de religieux ou de religieuses.
couvercle	Ce qui ferme une casserole, une boîte.
coûter	Avoir tel prix.
craindre	Avoir peur.
crayon	Bâton pour écrire ou dessiner.
creux	Vide à l'intérieur.
croisade	Guerre religieuse au Moyen Âge.
croiser	Rencontrer ; mettre en croix.
croissant	Viennoiserie en forme de lune.
croquer	Mordre dans quelque chose qui craque.
croître	Grandir.
croûte	Partie dure du pain ou d'une blessure.
cruel	Qui aime faire souffrir.
cruelle	Féminin de cruel.
crèche	Garderie de bébés ; décor de Noël.
crème	Partie grasse du lait ; dessert.
créer	Inventer, fabriquer.
crêpe	Galette fine.
culotte	Sous-vêtement ; pantalon court.
curieux	Qui veut tout savoir ; bizarre.
curiosité	Envie de savoir.
cygne	Grand oiseau blanc au long cou.
céder	Laisser ; se casser.
célèbre	Connu de tous.
célébrer	Fêter.
cérémonie	Fête officielle.
d'après	Selon.
dangereux	Qui peut faire du mal.
darder	Lancer (le soleil darde ses rayons).
dater	Mettre la date.
demander	Poser une question.
demeurer	Habiter ; rester.
dentelle	Tissu léger à trous.
descendre	Aller en bas.
dessert	Plat sucré à la fin du repas.
dessiner	Faire un dessin.
dessous	Sous.
deuxième	Qui vient après le premier.
diamant	Pierre précieuse très dure qui brille.
dicter	Dire un texte à écrire.
différent	Pas pareil.
direction	Sens où l'on va.
discours	Ce qu'on dit devant un public.
dispenser	Ne pas obliger.
distance	Espace entre deux choses.
distraire	Amuser ; détourner l'attention.
distrait	Qui ne fait pas attention.
domaine	Grande propriété ; sujet.
dompteur	Personne qui dresse des animaux sauvages.
don	Cadeau ; talent.
dorer	Rendre doré.
dortoir	Grande chambre où dorment plusieurs personnes.
doucement	Sans brusquerie.
douzaine	Groupe de douze.
doyen	Le plus âgé.
débarquer	Descendre d'un bateau.
déboucher	Ouvrir ; arriver dans.
débris	Morceau cassé.
décharger	Enlever la charge.
déchirer	Mettre en morceaux.
décision	Choix.
découper	Couper en morceaux.
découvrir	Trouver ; enlever ce qui couvre.
défendre	Protéger ; interdire.
défenseur	Personne qui défend.
défiler	Marcher en file.
défunt	Mort.
déjeuner	Repas de midi.
délicieux	Très bon.
déménager	Changer de maison.
dépendre	Avoir besoin de.
dépôt	Endroit où l'on dépose.
déranger	Gêner.
désastre	Catastrophe.
désert	Grande région sèche de sable ; vide.
désespoir	Plus d'espoir.
désigner	Montrer du doigt ; choisir.
désireux	Qui a envie.
désobéir	Ne pas obéir.
désordre	Pas rangé.
détacher	Libérer.
détourner	Changer de direction.
effacer	Enlever ce qui est écrit.
embellir	Rendre plus beau.
embrasser	Faire un baiser ; serrer dans ses bras.
empereur	Chef d'un empire.
emploi	Travail ; utilisation.
emporter	Prendre avec soi.
encadrer	Mettre un cadre ; surveiller.
enchanté	Très content.
encourir	S'exposer à (une punition).
endroit	Lieu ; côté qu'on voit.
enfance	Temps où l'on est enfant.
enfermer	Mettre dans un endroit fermé.
enfoncer	Faire entrer profondément.
engloutir	Avaler d'un coup ; faire disparaître.
ennui	Quand on s'ennuie ; problème.
enrichir	Rendre plus riche.
enseigner	Apprendre aux autres.
ensemble	Les uns avec les autres.
entendre	Percevoir les sons.
enterrer	Mettre sous terre.
entonner	Commencer à chanter.
entrain	Bonne humeur, énergie.
enveloppe	Papier plié pour mettre une lettre.
envers	Vers ; côté qu'on ne voit pas.
envoi	Ce qu'on envoie.
envoyer	Faire partir.
errer	Marcher sans savoir où.
escalader	Grimper.
espiègle	Malicieux, qui aime jouer des tours.
espèce	Groupe d'êtres vivants qui se ressemblent.
espérance	Espoir.
essai	Tentative.
essentiel	Très important.
eux	Ces personnes-là (ils).
exact	Juste.
examen	Épreuve pour contrôler ce qu'on sait.
excuse	Mot pour demander pardon ; raison donnée.
excuser	Pardonner.
exemple	Modèle ; cas qui montre.
exercer	Pratiquer ; entraîner.
exigence	Ce qu'on exige.
exiger	Demander avec force.
exister	Être.
expirer	Souffler l'air ; mourir ; arriver à la fin.
expliquer	Faire comprendre.
exposer	Montrer.
exprimer	Dire ce qu'on pense.
exprès	Volontairement.
expédier	Envoyer.
exquis	Délicieux.
extraire	Sortir, tirer de.
extrémité	Bout.
extrême	Le plus loin ; très grand.
extérieur	Dehors.
fabriquer	Faire, construire.
faciliter	Rendre plus facile.
facilité	Aisance.
faiblesse	Manque de force.
fameux	Célèbre ; très bon.
familial	De la famille.
familier	Connu ; qui vit avec nous.
faner	Se faner : sécher (fleur).
farouche	Sauvage, qui fuit.
fatiguer	Épuiser.
faucher	Couper l'herbe.
faucheur	Personne qui fauche.
fauteuil	Siège confortable avec des bras.
faux	Pas vrai ; outil pour couper l'herbe.
favori	Préféré.
favoriser	Aider.
façade	Devant d'un bâtiment.
femelle	Animal qui peut avoir des petits.
fermeture	Ce qui sert à fermer.
fervent	Passionné.
feuillage	Toutes les feuilles d'un arbre.
fiancé	Personne qui a promis de se marier.
ficelle	Petite corde.
filer	Aller très vite ; transformer en fil.
fixe	Qui ne bouge pas.
fixer	Attacher ; regarder longtemps.
fièrement	Avec fierté.
flamber	Brûler avec des flammes.
flanc	Côté du corps.
fleurir	Donner des fleurs.
flotter	Rester à la surface de l'eau.
flûte	Instrument de musique où l'on souffle.
foncer	Aller très vite ; devenir plus sombre.
fonction	Rôle.
forestier	De la forêt.
fouetter	Frapper avec un fouet ; battre (crème).
fourneau	Four, cuisinière.
fourrure	Poils épais d'un animal.
foyer	Maison ; endroit où l'on fait le feu.
framboise	Petit fruit rouge.
franchise	Le fait de dire la vérité.
frapper	Taper.
frayeur	Grande peur.
fraîcheur	Légère froideur.
friandise	Sucrerie.
froisser	Chiffonner.
frontière	Limite entre deux pays.
frotter	Passer plusieurs fois en appuyant.
frêle	Fragile.
furieux	Très en colère.
fâcher	Se fâcher : se mettre en colère.
gai	Joyeux.
gaieté	Joie.
galaxie	Immense groupe d'étoiles.
garniture	Ce qui accompagne un plat.
gaufre	Gâteau léger à petits carrés.
genou	Pli au milieu de la jambe.
genêt	Arbuste à fleurs jaunes.
giboulée	Averse de printemps.
glacer	Rendre très froid.
gland	Fruit du chêne.
glissant	Où l'on glisse.
glisser	Se déplacer sur une surface lisse.
goal	Gardien de but (mot anglais).
gourmand	Qui aime manger.
gouverner	Diriger un pays.
goûter	Manger un peu pour connaître le goût ; repas de l'après-midi.
gracieux	Plein de grâce.
graisse	Gras.
grandiose	Impressionnant.
gratitude	Reconnaissance.
gravement	Sérieusement.
griffer	Égratigner.
grille	Barrière en métal.
grillon	Insecte qui chante.
grincer	Faire un bruit aigu.
groseille	Petit fruit rouge en grappe.
grossier	Mal poli ; pas fin.
grouper	Mettre ensemble.
grêle	Pluie de glace.
guerre	Lutte armée entre pays.
guider	Montrer le chemin.
guère	Pas beaucoup.
guérison	Fin de la maladie.
guêpe	Insecte jaune et noir qui pique.
gymnase	Salle de sport.
gâter	Abîmer ; faire trop plaisir.
généreux	Qui donne beaucoup.
géranium	Fleur rouge des balcons.
gêner	Déranger.
gîte	Abri pour dormir.
habile	Adroit.
habiter	Vivre quelque part.
habitude	Ce qu'on fait souvent.
halte	Arrêt.
hameau	Très petit village.
hangar	Grand abri.
hardi	Audacieux.
hasard	Ce qui arrive sans être prévu.
hauteur	Taille en haut.
heureux	Content.
histoire	Récit ; ce qui s'est passé autrefois.
honneur	Dignité ; respect.
honorable	Respectable.
honorer	Respecter, rendre hommage.
honteux	Qui a honte.
horloge	Grande pendule.
hors	En dehors de.
humain	De l'homme ; gentil.
humble	Modeste.
humidité	Eau dans l'air.
hâter	Se hâter : se dépêcher.
héros	Personne très courageuse ; personnage principal.
héroïque	Très courageux, digne d'un héros.
hôte	Personne qui reçoit ; invité.
hôtel	Maison où l'on dort en voyage.
ignorant	Qui ne sait pas.
ignorer	Ne pas savoir ; faire semblant de ne pas voir.
illuminer	Éclairer.
imaginer	Inventer dans sa tête.
immeuble	Grand bâtiment d'appartements.
immobile	Qui ne bouge pas.
implorer	Supplier.
important	Qui compte beaucoup.
imposant	Impressionnant.
imposer	Obliger.
imprimer	Mettre sur papier avec une machine.
imprudent	Pas prudent.
imprévu	Pas prévu.
incendie	Grand feu.
incliner	Pencher.
indiquer	Montrer.
infirmier	Personne qui soigne les malades.
influence	Pouvoir sur les autres.
informer	Donner des nouvelles.
inférieur	En dessous.
inonder	Couvrir d'eau.
inquiet	Qui se fait du souci.
insigne	Petit objet qui montre qu'on appartient à un groupe.
inspirer	Faire entrer l'air ; donner des idées.
instant	Moment très court.
instruire	Apprendre à quelqu'un.
intention	Ce qu'on veut faire.
interdire	Défendre.
intérieur	Dedans.
intérêt	Ce qui intéresse ; avantage.
invention	Chose inventée.
invoquer	Appeler à l'aide.
irriter	Énerver ; faire rougir la peau.
isocèle	Triangle qui a deux côtés égaux.
ivresse	État de quelqu'un qui a trop bu.
jaloux	Qui veut ce que les autres ont.
jardinage	Travail du jardin.
jeunesse	Temps où l'on est jeune.
joyeux	Plein de joie.
jugement	Décision ; avis.
kilomètre	Mille mètres.
laborieux	Qui travaille beaucoup ; difficile.
labourer	Retourner la terre.
lambeau	Morceau déchiré.
lancer	Envoyer au loin.
largement	Beaucoup.
lasser	Fatiguer, ennuyer.
lendemain	Jour d'après.
lentement	Sans se presser.
lierre	Plante qui grimpe sur les murs.
lieue	Ancienne mesure de distance (environ 4 km).
localité	Village, ville.
logis	Maison.
lointain	Loin.
longueur	Taille d'un bout à l'autre.
loyal	Honnête.
lui-même	Lui en personne.
lumineux	Qui brille.
lâcher	Laisser tomber.
madeleine	Petit gâteau en forme de coquillage.
maint	Beaucoup de (mot ancien).
maintenir	Tenir ; garder.
maire	Chef de la commune.
malheur	Grand chagrin.
malle	Grosse valise.
mandarine	Petit fruit orange.
manoeuvre	Mouvement pour conduire ; ouvrier.
manquer	Ne pas avoir assez ; rater.
mansarde	Chambre sous le toit.
manteau	Vêtement chaud qu'on met dehors.
maquette	Modèle en petit.
marchand	Commerçant.
maudire	Souhaiter du mal.
mauvais	Pas bon.
meilleur	Plus bon.
menacer	Faire peur en disant qu'on va faire du mal.
mendiant	Personne qui demande de l'argent.
mensonge	Ce qui n'est pas vrai.
menuisier	Artisan qui travaille le bois.
meringue	Gâteau léger fait de blanc d'œuf et de sucre.
mettre	Placer.
mieux	Plus bien.
militaire	De l'armée ; soldat.
mille	Le nombre 1000.
millier	Environ mille.
million	Mille fois mille.
minuscule	Tout petit ; petite lettre.
missel	Livre de messe.
mission	Tâche à accomplir.
mobilier	Meubles.
modérer	Diminuer.
moins	Pas autant.
moisson	Récolte du blé.
molécule	Petit groupe d'atomes.
monsieur	Mot pour parler poliment à un homme.
montant	Somme ; qui monte.
montrer	Faire voir.
monument	Grand bâtiment célèbre.
moral	Humeur ; ce qui est bien.
mousse	Petite plante douce ; bulles.
moyen	Pas grand ni petit ; façon de faire.
moyenne	Résultat au milieu.
muguet	Fleur blanche du 1er mai.
mystère	Chose qu'on ne comprend pas.
mâchoire	Os de la bouche qui porte les dents.
mât	Grand poteau du bateau.
mécanique	Qui marche avec une machine.
méchant	Pas gentil.
mécontent	Pas content.
médaille	Récompense en métal.
médaillon	Bijou qui s'ouvre.
méfiance	Manque de confiance.
mélanger	Mêler.
mélodieux	Agréable à entendre.
mérite	Ce qui mérite l'estime.
mêler	Mélanger.
mûr	Prêt à être mangé (fruit).
mûrir	Devenir mûr.
naissance	Moment où l'on naît.
naître	Venir au monde.
neutron	Minuscule particule au centre de l'atome.
neveu	Fils du frère ou de la sœur.
nièce	Fille du frère ou de la sœur.
noeud	Boucle serrée.
noircir	Rendre noir.
noisette	Petit fruit sec rond.
noix	Fruit sec à coque.
nombreux	En grand nombre.
nouille	Pâte alimentaire.
nouveau	Neuf, récent.
nouvelle	Information ; histoire courte.
novembre	Onzième mois de l'année.
noyer	Arbre à noix ; mourir sous l'eau.
nullement	Pas du tout.
obscur	Sombre.
obscurité	Noir complet.
obstacle	Ce qui empêche de passer.
obéissant	Qui obéit.
occuper	Prendre de la place ; s'occuper de.
oeil	Organe de la vue.
officier	Chef militaire.
offrir	Donner.
omelette	Œufs battus cuits à la poêle.
opinion	Avis.
orchestre	Groupe de musiciens.
ordinaire	Habituel.
ordonner	Commander.
organiser	Préparer.
orgueil	Trop grande fierté.
ornement	Décoration.
orphelin	Enfant qui a perdu ses parents.
orée	Bord d'un bois.
oser	Avoir le courage de.
paix	Absence de guerre ; calme.
paletot	Veste chaude.
panorama	Vue très large.
pantalon	Vêtement pour les jambes.
papillon	Insecte aux grandes ailes colorées.
parallèle	Lignes qui ne se touchent jamais.
parapluie	Objet qui protège de la pluie.
pardonner	Excuser.
pareil	Semblable.
parer	Décorer ; éviter un coup.
paresse	Manque d'envie de travailler.
parlement	Assemblée qui fait les lois.
parmi	Au milieu de.
paroisse	Quartier d'une église.
parsemer	Répandre çà et là.
passage	Endroit où l'on passe.
passant	Personne qui passe dans la rue.
passion	Grand amour pour quelque chose.
paternel	Du papa.
patronage	Protection ; club pour enfants.
pavillon	Petite maison ; drapeau.
payer	Donner de l'argent.
paysage	Ce qu'on voit d'un endroit.
paysan	Personne qui travaille la terre.
paître	Manger l'herbe.
peindre	Mettre de la peinture.
peiner	Faire de la peine ; avoir du mal.
peintre	Personne qui peint.
peinture	Liquide coloré ; tableau.
pencher	Incliner.
penser	Réfléchir.
percer	Faire un trou.
permettre	Autoriser.
perpétuel	Qui dure toujours.
personnel	À soi ; ceux qui travaillent.
persuader	Convaincre.
pharmacie	Magasin des médicaments.
phrase	Suite de mots qui a un sens.
pieux	Qui prie beaucoup.
pipette	Petit tube pour aspirer un liquide.
pis	Tant pis : ce n'est pas grave ; mamelle de la vache.
plafond	Haut d'une pièce.
plaindre	Avoir pitié ; se plaindre : dire qu'on n'est pas content.
plancher	Sol en bois.
pli	Marque d'un papier ou d'un tissu plié.
plupart	La plus grande partie.
plusieurs	Plus d'un.
poids	Ce que pèse une chose.
poignée	Ce qu'on tient dans la main ; manche d'une porte.
poing	Main fermée.
pois	Petite graine verte ; petit rond sur un tissu.
pommier	Arbre qui donne les pommes.
portrait	Image d'une personne.
position	Façon de se tenir ; place.
possible	Qui peut arriver.
poubelle	Récipient pour les ordures.
poursuite	Le fait de poursuivre.
pourtant	Cependant.
pousser	Faire avancer ; grandir.
poussin	Petit de la poule.
poussière	Petits grains qui se posent partout.
poète	Personne qui écrit des poèmes.
poêle	Ustensile pour faire cuire ; appareil de chauffage.
presser	Serrer ; se presser : se dépêcher.
princesse	Fille du roi.
printemps	Saison des fleurs.
privation	Manque.
prix	Ce que coûte une chose ; récompense.
prochain	Qui vient juste après.
proclamer	Annoncer publiquement.
procéder	Faire, agir.
programme	Liste de ce qui est prévu.
progrès	Amélioration.
projet	Ce qu'on veut faire.
projeter	Prévoir ; lancer.
prolonger	Allonger.
promeneur	Personne qui se promène.
promesse	Ce qu'on promet.
prononcer	Dire.
propice	Favorable.
propriété	Ce qu'on possède ; grande maison.
proton	Minuscule particule au centre de l'atome.
provision	Réserve de nourriture.
provoquer	Causer ; chercher la bagarre.
pré	Champ d'herbe.
précieux	Qui a beaucoup de valeur.
précéder	Venir avant.
préférer	Aimer mieux.
présenter	Faire connaître.
préserver	Protéger.
président	Chef d'un pays ou d'un groupe.
prétendre	Affirmer.
prêter	Donner pour un temps.
public	Pour tous ; les spectateurs.
puissance	Force.
puissant	Fort.
punition	Ce qu'on reçoit quand on a désobéi.
pécher	Faire un péché.
pédiatre	Médecin des enfants.
pénitence	Punition qu'on s'impose pour une faute.
quai	Bord d'une gare ou d'un port.
quant	Quant à : pour ce qui est de.
quarante	Le nombre 40.
quatrième	Qui vient après le troisième.
question	Ce qu'on demande.
queue	Partie à l'arrière d'un animal ; file d'attente.
quitter	Partir de.
raconter	Dire une histoire.
radieux	Rayonnant de joie ou de soleil.
ranger	Mettre en ordre.
rapidité	Vitesse.
rapiécer	Réparer en cousant une pièce.
raquette	Objet pour taper la balle au tennis.
rassurer	Calmer une inquiétude.
rater	Manquer.
ravissant	Très joli.
rayon	Trait de lumière ; étagère de magasin.
rebelle	Qui refuse d'obéir.
recherche	Le fait de chercher.
recours	Dernier moyen.
recouvrir	Couvrir complètement.
redoubler	Refaire une classe ; augmenter.
redouter	Craindre.
refléter	Renvoyer une image.
refroidir	Rendre plus froid.
regagner	Retourner à.
rejoindre	Retrouver.
relation	Lien entre des personnes.
religieux	De la religion.
remarquer	Voir, apercevoir.
remercier	Dire merci.
remettre	Replacer ; donner.
remonter	Monter à nouveau.
remplacer	Mettre à la place.
remporter	Gagner.
renoncer	Abandonner.
renoncule	Fleur des champs, souvent jaune.
renouveau	Retour du printemps ; nouveau départ.
rentrée	Retour à l'école.
renverser	Faire tomber.
repasser	Passer à nouveau ; défroisser avec un fer.
reprocher	Dire à quelqu'un ce qu'il a fait de mal.
respecter	Avoir du respect.
retomber	Tomber à nouveau.
retourner	Revenir ; mettre à l'envers.
retrouver	Trouver à nouveau.
rhume	Nez qui coule.
richesse	Argent, biens.
rigoureux	Strict ; très dur (hiver).
rondelle	Tranche ronde.
rossignol	Oiseau qui chante la nuit.
rouille	Tache rouge sur le fer mouillé.
rouleau	Cylindre ; vague qui roule.
roulotte	Maison sur roues.
roux	De couleur orange (cheveux).
royal	Du roi.
royaume	Pays dirigé par un roi.
ruisseau	Petite rivière.
réaliser	Faire ; comprendre.
réalité	Ce qui existe vraiment.
récit	Histoire racontée.
réciter	Dire par cœur.
réel	Vrai.
réfléchir	Penser ; renvoyer la lumière.
régiment	Groupe de soldats.
révéler	Faire connaître un secret.
rêver	Faire un rêve.
rôder	Tourner autour d'un endroit d'un air louche.
rôti	Viande cuite au four.
s'enfuir	Partir en courant.
s'envoler	Partir en volant.
s'écrier	Dire en criant.
sacrement	Cérémonie importante de l'Église (baptême…).
sacrifice	Ce qu'on abandonne pour quelqu'un.
sacrifier	Abandonner pour autre chose.
sagement	De façon sage.
sagesse	Calme et raison.
sanglot	Pleur bruyant.
satellite	Objet qui tourne autour d'une planète.
satisfait	Content.
sauf	Excepté.
sautiller	Faire des petits sauts.
savourer	Déguster.
savoureux	Qui a bon goût.
scier	Couper avec une scie.
scène	Endroit où jouent les acteurs.
secours	Aide.
seigneur	Noble qui possédait des terres au Moyen Âge.
semblable	Pareil.
sembler	Paraître.
sens	Direction ; signification.
sentiment	Ce qu'on ressent.
septembre	Neuvième mois de l'année.
serein	Calme.
sermon	Discours du prêtre ; reproches.
serrure	Mécanisme qu'on ouvre avec une clé.
serviette	Linge pour s'essuyer ; sacoche.
seulement	Juste, rien de plus.
signaler	Faire remarquer.
signifier	Vouloir dire.
sillon	Trace creusée par la charrue.
sinistre	Qui fait peur ; catastrophe.
situation	Position ; état.
six	Le nombre 6.
soigner	S'occuper d'un malade.
solitaire	Seul.
sonnette	Petite cloche à la porte.
souci	Inquiétude ; fleur orange.
soudain	Tout à coup.
souffle	Air qu'on souffle.
souffrir	Avoir mal.
souhait	Vœu, désir.
soulager	Diminuer une douleur.
soulever	Lever un peu.
soumettre	Obliger à obéir ; proposer.
soupirer	Faire un soupir.
souriant	Qui sourit.
souvent	Beaucoup de fois.
souverain	Roi, reine.
spacieux	Grand, où l'on a de la place.
spectacle	Ce qu'on regarde (théâtre, cirque…).
sphère	Boule.
spirituel	De l'esprit ; drôle et intelligent.
splendeur	Grande beauté.
spécial	Particulier.
studieux	Qui aime étudier.
style	Façon d'écrire ou de s'habiller.
suc	Jus.
succéder	Venir après.
sucer	Aspirer avec la bouche.
supérieur	Au-dessus.
surmonter	Vaincre (une difficulté).
sursaut	Mouvement brusque de surprise.
sursauter	Faire un sursaut.
suspendre	Accrocher ; arrêter pour un temps.
symphonie	Grand morceau de musique pour orchestre.
système	Ensemble organisé.
séance	Réunion ; temps d'une activité.
sécher	Rendre sec.
sécurité	Quand il n'y a pas de danger.
sérieux	Qui fait les choses bien ; grave.
sévère	Strict.
sûr	Certain.
tacher	Faire une tache.
tailleur	Personne qui fait des vêtements ; tenue de femme.
talus	Pente au bord d'une route.
taper	Frapper.
taquiner	Embêter pour s'amuser.
tendresse	Douceur, affection.
tentation	Envie de faire ce qu'on ne devrait pas.
tenter	Essayer ; donner envie.
terrain	Espace de terre.
terrestre	De la Terre.
terreur	Très grande peur.
terrible	Qui fait peur ; très fort.
terrier	Trou où vit le lapin.
thé	Boisson chaude faite avec des feuilles.
tissu	Étoffe.
toilette	Action de se laver ; toilettes : WC.
tonneau	Grand baril en bois.
tort	Avoir tort : se tromper.
touffe	Groupe de poils ou d'herbes serrés.
toujours	Tout le temps.
tourment	Grande souffrance.
tournant	Virage.
toux	Le fait de tousser.
tracer	Dessiner un trait.
trait	Ligne.
traiter	S'occuper de ; insulter.
trajet	Chemin d'un point à un autre.
trancher	Couper net ; décider.
transport	Le fait de transporter.
travers	À travers : en traversant.
traîner	Tirer derrière soi ; être lent.
trembler	Bouger par petites secousses.
tremper	Mouiller complètement.
trimestre	Trois mois.
triomphe	Grande victoire.
tristesse	Chagrin.
troisième	Qui vient après le deuxième.
trompette	Instrument de musique en cuivre.
troupeau	Groupe d'animaux.
tunnel	Passage sous la terre.
tuyau	Tube.
type	Sorte ; un homme (familier).
tâcher	Essayer.
télescope	Grande lunette pour voir les étoiles.
téléphone	Appareil pour parler à distance.
témoigner	Raconter ce qu'on a vu.
univers	Tout ce qui existe.
user	Abîmer à force de servir.
utiliser	Se servir de.
vacances	Temps sans école.
vaillant	Courageux.
vain	Inutile.
vaincre	Gagner.
vanter	Dire du bien ; se vanter : se croire meilleur.
veille	Jour d'avant.
veiller	Rester éveillé ; surveiller.
velours	Tissu très doux.
vengeance	Le fait de se venger.
ver	Petit animal tout mou sans pattes.
verdâtre	Un peu vert.
vermeil	Rouge vif.
vermillon	Rouge éclatant.
vers	En direction de ; lignes d'un poème.
vieil	Vieux (devant une voyelle : un vieil arbre).
vigoureux	Fort.
voeu	Souhait.
voix	Son qui sort de la bouche.
voyage	Déplacement loin de chez soi.
voyager	Faire un voyage.
voûte	Plafond arrondi.
vrai	Qui est la vérité.
vraiment	Pour de vrai.
véhicule	Voiture, camion…
vêpres	Prières de l'après-midi.
vêtement	Ce qu'on porte pour s'habiller.
vêtir	Habiller.
yeux	Pluriel de œil.
âgé	Vieux.
ébats	Jeux, mouvements joyeux.
échanger	Donner une chose contre une autre.
échec	Le fait de rater ; échecs : jeu de plateau.
écho	Son qui revient.
éclaircir	Rendre plus clair.
éclairer	Donner de la lumière.
éclatant	Très brillant.
éclipse	Quand un astre en cache un autre.
économie	Argent mis de côté ; gestion de l'argent.
écorce	Peau de l'arbre.
écraser	Aplatir.
éducation	Façon d'élever les enfants.
égal	Pareil.
également	Aussi.
égalité	Quand c'est pareil pour tous.
égard	Attention, respect.
élan	Mouvement rapide ; grand animal du nord.
élégance	Chic.
éléphant	Très gros animal à trompe.
émotion	Ce qu'on ressent fortement.
énergique	Plein d'énergie.
épi	Haut de la tige de blé.
époux	Mari ; les époux : mari et femme.
éprouver	Ressentir.
équilibre	Quand on ne tombe pas.
équipage	Personnes qui travaillent sur un bateau ou un avion.
ériger	Construire.
étendre	Étaler ; allonger.
éternité	Temps sans fin.
étincelle	Petite parcelle de feu.
étiquette	Petite étiquette collée.
étonner	Surprendre.
étranger	D'un autre pays.
étudiant	Personne qui étudie après le lycée.
évangile	Livre sur la vie de Jésus.
éveiller	Réveiller.
évidence	Chose évidente.
évêque	Chef religieux d'une région.
ôter	Enlever.
