abaisser	Faire descendre, rendre plus bas.
abandonner	Laisser tomber, quitter.
abbaye	Grand monastère.
abcès	Poche de pus sous la peau.
abondamment	En grande quantité.
abrupt	Très raide (pente) ; brusque.
absolument	Tout à fait.
absolutisme	Pouvoir total d'un seul chef.
accabler	Écraser de fatigue ou de reproches.
accepter	Dire oui.
acclamation	Cris de joie pour saluer quelqu'un.
accompagner	Aller avec quelqu'un.
accomplir	Réaliser, faire jusqu'au bout.
accourir	Venir en courant.
accrocher	Suspendre à un crochet.
accueil	Façon de recevoir quelqu'un.
accueillir	Recevoir quelqu'un chez soi.
acheminer	Transporter jusqu'à un endroit.
acquitter	Payer ; déclarer non coupable.
acquérir	Obtenir, acheter.
actuellement	En ce moment.
admettre	Accepter ; reconnaître que c'est vrai.
administration	Services qui gèrent un pays ou une entreprise.
administrer	Diriger ; donner un médicament.
admiration	Ce qu'on ressent pour ce qu'on admire.
adversaire	Personne contre qui l'on joue ou se bat.
affairé	Très occupé.
affectueux	Tendre, plein d'affection.
affliger	Rendre très triste.
affreux	Très laid ; horrible.
agréablement	De façon agréable.
agrémenter	Décorer, rendre plus agréable.
aiguiser	Rendre plus coupant.
ailleurs	Dans un autre endroit.
aisance	Facilité ; confort.
aisément	Facilement.
alentours	Les environs.
algorithme	Suite d'étapes pour résoudre un problème.
alias	Autrement appelé.
alibi	Preuve qu'on était ailleurs au moment d'un crime.
aligner	Mettre en ligne.
allemand	D'Allemagne ; langue parlée en Allemagne.
allergie	Réaction du corps à une chose qu'il ne supporte pas.
allégresse	Grande joie.
alpin	De la montagne, des Alpes.
ambulance	Véhicule qui transporte les malades.
amicalement	Comme un ami.
américain	D'Amérique.
anesthésie	Produit qui endort ou enlève la douleur avant une opération.
angoisse	Grande peur, inquiétude.
anneau	Cercle ; bague.
annoncer	Faire savoir.
anxieux	Inquiet.
apercevoir	Voir un peu, de loin.
apostolique	Des apôtres ; du pape.
apostrophe	Petit signe (’) qui remplace une voyelle.
apparaître	Se montrer.
apparemment	Selon ce qu'on voit.
apparition	Le fait d'apparaître.
appartement	Logement dans un immeuble.
appartenir	Être à quelqu'un.
appeler	Dire le nom ; téléphoner.
applaudir	Taper dans ses mains pour féliciter.
application	Attention qu'on met à bien faire ; programme sur un téléphone.
appliquer	Poser sur ; suivre une règle.
apprendre	Découvrir et retenir ; enseigner.
approuver	Être d'accord.
apprécier	Aimer ; estimer.
apprêter	Préparer.
appuyer	Presser ; soutenir.
appétissant	Qui donne envie de manger.
appétit	Envie de manger.
après-midi	Temps entre midi et le soir.
arc-en-ciel	Arc de couleurs dans le ciel après la pluie.
architecte	Personne qui dessine les plans des bâtiments.
archéologie	Science qui étudie les objets anciens enfouis.
argenter	Couvrir d'argent.
argot	Mots familiers d'un groupe.
aride	Très sec.
arranger	Mettre en ordre ; réparer.
arrondir	Rendre rond ; simplifier un nombre.
arrondissement	Quartier d'une grande ville.
arrêter	Stopper.
arène	Lieu rond pour les spectacles et les combats.
arête	Petit os du poisson ; bord d'une montagne.
asphyxie	Quand on ne peut plus respirer.
assaut	Attaque.
assembler	Mettre ensemble.
asseoir	S'asseoir : se mettre sur un siège.
assiette	Plat individuel pour manger.
associer	Réunir.
astronaute	Personne qui voyage dans l'espace.
astéroïde	Gros rocher qui voyage dans l'espace.
asymétrique	Pas pareil des deux côtés.
athlète	Sportif.
atmosphère	Air qui entoure la Terre ; ambiance.
attachement	Affection.
attacher	Lier.
attarder	S'attarder : rester longtemps.
atteindre	Arriver jusqu'à.
atteler	Attacher un animal à une charrette.
attente	Le fait d'attendre.
attentivement	Avec attention.
atterrir	Se poser au sol (avion).
attester	Prouver, certifier.
attrait	Ce qui attire.
attraper	Saisir.
attrister	Rendre triste.
au-dessus	Plus haut.
augmenter	Devenir plus grand.
aujourd'hui	Ce jour-ci.
auparavant	Avant.
automobile	Voiture.
avantageux	Qui rapporte un avantage.
avare	Qui ne veut pas dépenser son argent.
aventurer	S'aventurer : aller dans un lieu inconnu ou dangereux.
avide	Qui veut beaucoup.
baigner	Mettre dans l'eau.
balançoire	Siège suspendu pour se balancer.
balayer	Nettoyer avec un balai.
baptiser	Donner le baptême ; donner un nom.
barbu	Qui a une barbe.
baril	Petit tonneau.
barrage	Mur qui retient l'eau d'une rivière.
barreau	Barre d'une grille ou d'une échelle.
basse-cour	Endroit de la ferme où vivent poules et canards.
berge	Bord d'une rivière.
bibliothécaire	Personne qui s'occupe d'une bibliothèque.
biceps	Muscle du bras.
bicyclette	Vélo.
bidon	Récipient pour les liquides.
bien-aimé	Qu'on aime beaucoup.
bien-être	Sensation d'être bien.
bienfaisant	Qui fait du bien.
bienfaiteur	Personne qui fait du bien aux autres.
bienheureux	Très heureux.
bilan	Résultat, compte final.
bison	Gros bœuf sauvage à bosse.
bizarre	Étrange.
blesser	Faire une blessure.
blâme	Reproche sévère.
blême	Très pâle.
bocal	Pot en verre.
bosselé	Plein de bosses.
botanique	Science des plantes.
bouleau	Arbre à l'écorce blanche.
boulevard	Large avenue.
bouleverser	Mettre en désordre ; émouvoir très fort.
bourdonnement	Bruit sourd d'un insecte.
bourdonner	Faire un bruit sourd continu.
bourgeois	Personne aisée de la ville.
bourgeoisie	Ensemble des bourgeois.
bourgeonner	Faire des bourgeons.
bourgmestre	Maire, en Belgique.
bourrasque	Coup de vent violent.
bousculer	Pousser brusquement.
bride	Harnais de tête du cheval.
brillant	Qui brille ; très intelligent.
briller	Jeter de la lumière.
brouillard	Nuage au ras du sol.
brune	Qui a les cheveux bruns.
brusquement	Tout à coup.
bulletin	Carnet de notes ; petit papier.
buste	Haut du corps ; statue du haut du corps.
butin	Ce qu'on a volé ou gagné.
bénin	Pas grave.
bénit	Béni par un prêtre (eau bénite).
bénédiction	Protection demandée à Dieu.
bûcheron	Personne qui coupe les arbres.
cache-cache	Jeu où l'on se cache.
caillou	Petite pierre.
calendrier	Tableau des jours de l'année.
caler	Bloquer ; s'arrêter (moteur).
campagnard	De la campagne.
captif	Prisonnier.
caresse	Geste doux de la main.
caresser	Toucher doucement.
cargo	Bateau de marchandises.
carpe	Poisson d'eau douce.
carrefour	Croisement de routes.
caser	Placer.
catastrophe	Grand malheur.
catholique	Chrétien de l'Église de Rome.
cathédrale	Très grande église.
catéchisme	Leçons de religion chrétienne.
caviar	Œufs de poisson très chers.
ceinture	Bande qui tient le pantalon.
centimètre	Centième de mètre.
cependant	Pourtant.
cerne	Ombre sous les yeux.
chaland	Bateau plat pour les marchandises.
championnat	Compétition pour désigner le champion.
changement	Modification.
charbonnage	Mine de charbon.
charcuterie	Viandes de porc préparées ; magasin qui les vend.
charlatan	Faux médecin, menteur.
charrette	Voiture à deux roues tirée par un animal.
charrue	Outil pour labourer.
chirurgien	Médecin qui opère.
chocolaterie	Usine ou boutique de chocolat.
choir	Tomber (mot ancien).
chronomètre	Montre qui mesure une durée précise.
chrysalide	Cocon d'où sort le papillon.
chrétien	Qui croit en Jésus-Christ.
ci-joint	Joint à cette lettre.
cierge	Grande bougie d'église.
circulation	Mouvement des voitures ; du sang.
ciseaux	Outil à deux lames pour couper.
citoyenneté	Le fait d'être citoyen.
clergé	Ensemble des prêtres.
clémentine	Petit agrume orange.
coccinelle	Petit insecte rouge à points noirs.
cocon	Enveloppe de la chenille.
coefficient	Nombre qui multiplie.
collection	Objets du même genre rassemblés.
collège	École après le CM2.
colon	Personne qui s'installe dans une colonie.
colonne	Pilier ; rangée verticale.
combattre	Se battre.
commandant	Chef militaire.
commander	Donner des ordres ; demander un achat.
commencement	Début.
commercial	Du commerce.
commerçant	Personne qui tient un magasin.
commettre	Faire (une faute).
commode	Pratique ; meuble à tiroirs.
communal	De la commune.
communiant	Personne qui fait sa communion.
communier	Recevoir la communion.
communiquer	Transmettre, échanger.
comparaison	Le fait de comparer.
compassion	Pitié, partage de la peine.
compliquer	Rendre difficile.
complètement	Tout à fait.
compléter	Rendre complet.
composition	Façon dont c'est fait ; devoir.
comprendre	Saisir le sens.
compte	Calcul ; compte en banque.
compter	Calculer ; dire les nombres.
compétition	Concours sportif.
concerner	Toucher, intéresser.
concours	Épreuve pour choisir les meilleurs.
condamner	Punir par un jugement.
condisciple	Camarade d'école.
condition	Ce qu'il faut pour que ça marche ; état.
confesser	Avouer.
conformément	D'après.
conférence	Discours devant un public.
conjugaison	Formes du verbe.
connaître	Savoir ; avoir déjà rencontré.
conquérir	Prendre par la force ; gagner l'amitié de quelqu'un.
conscience	Sens du bien et du mal ; fait d'être éveillé.
conseiller	Donner des conseils.
consentement	Accord.
consentir	Accepter.
considérable	Très grand.
considérer	Regarder ; estimer.
consister	Être fait de.
consolation	Réconfort.
constamment	Tout le temps.
constituer	Former.
construction	Bâtiment ; action de construire.
construire	Bâtir.
conséquence	Suite, résultat.
contempler	Regarder longtemps avec admiration.
continuellement	Sans arrêt.
contrarier	Déranger, fâcher.
convaincre	Persuader.
conversation	Discussion.
conviction	Certitude.
coquelicot	Fleur rouge des champs.
cordialement	Amicalement.
cordonnier	Personne qui répare les chaussures.
corolle	Ensemble des pétales.
correction	Le fait de corriger.
corse	De Corse.
courageusement	Avec courage.
couronner	Mettre une couronne ; récompenser.
courrier	Lettres.
craquement	Bruit de ce qui craque.
croissance	Le fait de grandir.
crucifix	Croix avec Jésus.
crépuscule	Moment où le soleil se couche.
crête	Rouge sur la tête du coq ; haut d'une montagne.
cueillette	Action de cueillir.
cueillir	Ramasser des fleurs ou des fruits.
cuiller	Cuillère.
cuillère	Couvert pour manger la soupe.
cuisinière	Appareil pour cuire ; femme qui cuisine.
cuite	Le fait d'être cuit.
cultivateur	Agriculteur.
curer	Nettoyer en grattant.
cycliste	Personne à vélo.
cylindre	Forme de tube.
câble	Gros fil.
d'abord	En premier.
daigner	Bien vouloir.
damer	Tasser (la neige).
demoiselle	Jeune fille.
dernièrement	Récemment.
derrière	À l'arrière.
descente	Chemin qui descend.
description	Texte qui décrit.
dessein	Projet, intention.
diagnostic	Ce que le médecin trouve.
dictionnaire	Livre qui explique les mots.
difficile	Pas facile.
difficulté	Problème.
différence	Ce qui n'est pas pareil.
différer	Être différent ; retarder.
dilemme	Choix difficile entre deux choses.
dimension	Taille.
discussion	Conversation.
disparaître	Ne plus être visible.
disparition	Le fait de disparaître.
disperser	Éparpiller.
disposition	Arrangement ; à disposition : prêt à servir.
dissiper	Faire disparaître ; se dissiper : bavarder en classe.
distinction	Différence ; élégance ; récompense.
distinguer	Voir la différence.
distraction	Amusement ; manque d'attention.
distribuer	Donner à chacun.
distribution	Le fait de distribuer.
dommage	Dégât ; c'est dommage : c'est triste.
dossier	Arrière d'une chaise ; chemise de papiers.
dresser	Lever ; apprendre à un animal à obéir.
durcir	Devenir dur.
débattre	Discuter.
déception	Tristesse quand on est déçu.
déchaîner	Provoquer avec violence.
déclic	Petit bruit sec ; moment où l'on comprend.
décourager	Enlever le courage.
dédaigner	Mépriser.
délaisser	Abandonner.
démocratie	Pays où le peuple choisit ses chefs.
démontrer	Prouver.
dépasser	Aller plus loin ; doubler.
déployer	Étendre.
dépouiller	Enlever ; voler.
dépêcher	Se dépêcher : se presser.
dérouler	Étendre ce qui était roulé.
désaltérer	Enlever la soif.
désespérer	Perdre espoir.
déshabiller	Enlever les vêtements.
désolation	Grande tristesse.
désormais	À partir de maintenant.
déterminer	Décider, trouver.
développement	Croissance.
développer	Faire grandir.
dévouement	Le fait de se donner aux autres.
effectuer	Faire.
effrayer	Faire peur.
effroyable	Horrible.
emballer	Envelopper.
embarquer	Monter dans un bateau.
embarrasser	Gêner.
embaumer	Sentir très bon.
emmener	Prendre avec soi.
emplacement	Place.
employer	Utiliser ; faire travailler.
employé	Personne qui travaille pour un patron.
empêcher	Ne pas laisser faire.
encombrer	Gêner en prenant de la place.
encourager	Donner du courage.
endosser	Mettre sur son dos ; prendre la responsabilité.
endurance	Résistance à l'effort.
enflammer	Mettre le feu.
enluminure	Peinture qui décore un vieux livre.
ennuyer	Lasser ; embêter.
ennuyeux	Pas intéressant.
enquête	Recherche pour découvrir la vérité.
enseignement	Le fait d'enseigner.
ensoleillé	Plein de soleil.
entasser	Mettre en tas.
enterrement	Cérémonie quand on enterre un mort.
entièrement	Complètement.
entourer	Être autour.
entraîner	Emmener ; faire du sport pour progresser.
entretien	Conversation ; soin pour garder en bon état.
envahir	Entrer de force.
envelopper	Entourer, emballer.
environnement	Nature qui nous entoure.
environner	Entourer.
essayer	Tenter.
essuyer	Sécher avec un torchon.
exactement	Précisément.
exactitude	Précision.
examiner	Regarder attentivement.
exaucer	Réaliser un souhait.
excellence	Qualité supérieure.
excellent	Très bon.
exceptionnel	Rare, extraordinaire.
exciter	Agiter.
exclamation	Cri de surprise ; point d'exclamation (!).
excursion	Promenade, petite sortie.
exemplaire	Qui sert d'exemple ; un livre parmi d'autres.
exercice	Travail pour s'entraîner.
existence	Vie.
explication	Ce qui explique.
exploration	Découverte d'un lieu inconnu.
exposition	Présentation d'objets.
expression	Façon de parler ; air du visage.
expédition	Voyage pour découvrir.
expérience	Essai ; ce qu'on a appris en vivant.
exécuter	Faire, réaliser (un travail, un ordre).
exécution	Le fait de réaliser quelque chose.
fable	Petite histoire avec une morale.
fabrication	Le fait de fabriquer.
facilement	Sans difficulté.
farcir	Remplir de farce.
façonner	Donner une forme.
ferraille	Vieux morceaux de fer.
fibre	Fil très fin.
fillette	Petite fille.
filleul	Enfant dont on est le parrain.
finalement	À la fin.
fiole	Petite bouteille.
firmament	Ciel.
flair	Odorat du chien ; intuition.
flatter	Faire des compliments exagérés.
flatteur	Qui flatte.
formel	Clair et net ; officiel.
fouiller	Chercher partout.
fourniture	Matériel scolaire.
fourrer	Mettre dedans ; remplir.
franchement	Honnêtement.
français	De France ; langue de la France.
fraternité	Amitié comme entre frères.
frigo	Réfrigérateur.
frire	Cuire dans l'huile.
frissonner	Trembler de froid ou de peur.
fréquent	Qui arrive souvent.
fréquenter	Aller souvent quelque part ; voir souvent quelqu'un.
furtif	Discret et rapide.
fâcheux	Ennuyeux, regrettable.
féliciter	Dire bravo.
féodalité	Organisation du Moyen Âge avec des seigneurs.
gaiement	Joyeusement.
gambader	Sauter joyeusement.
gargouille	Statue qui crache l'eau du toit.
gazouillement	Chant léger des oiseaux.
gazouiller	Chanter doucement.
gentiment	Avec gentillesse.
germe	Petite pousse ; microbe.
gibecière	Sac du chasseur.
gifle	Coup sur la joue.
gigantesque	Énorme.
glissoire	Piste de glace pour glisser.
globe	Boule ; la Terre.
golfe	Partie de mer qui entre dans les terres.
gonfler	Remplir d'air.
gourmandise	Amour des bonnes choses.
goutte	Toute petite quantité de liquide.
gouvernement	Ceux qui dirigent le pays.
grade	Rang dans l'armée.
grand-maman	Grand-mère.
grand-mère	Mère du père ou de la mère.
grand-père	Père du père ou de la mère.
granit	Pierre très dure.
gratis	Gratuit.
gratter	Frotter avec les ongles.
gravitation	Force qui attire les objets entre eux.
grelotter	Trembler de froid.
groseillier	Arbuste à groseilles.
guetter	Surveiller en attendant.
guichet	Petite ouverture où l'on achète un billet.
gymnastique	Sport d'exercices du corps.
généralement	Le plus souvent.
générosité	Qualité de celui qui donne.
géographie	Étude de la Terre et des pays.
gésir	Être couché (ci-gît : ici repose).
habileté	Adresse.
habiller	Mettre des vêtements.
habitant	Personne qui habite.
habitation	Maison.
habituel	Comme d'habitude.
habituer	Faire prendre l'habitude.
haillon	Vieux vêtement déchiré.
haleine	Souffle.
hanneton	Gros insecte brun.
harmonieux	Agréable, bien équilibré.
hausser	Lever.
hermine	Petit animal blanc à fourrure.
heureusement	Par chance.
heurter	Cogner.
hexagone	Figure à six côtés ; la France.
hirondelle	Oiseau qui annonce le printemps.
hiéroglyphe	Dessin de l'écriture égyptienne.
hommage	Témoignage de respect.
honnête	Qui ne ment pas, ne vole pas.
horizon	Ligne où le ciel semble toucher la terre.
horreur	Grande peur ; chose affreuse.
horrible	Affreux.
houille	Charbon.
humanisme	Pensée qui met l'homme au centre.
humanité	Tous les hommes ; bonté.
hydrogène	Gaz très léger.
hygiène	Propreté pour rester en bonne santé.
hypocrite	Qui fait semblant.
hypothèse	Supposition.
hypoténuse	Plus grand côté d'un triangle rectangle.
hyène	Animal d'Afrique qui mange les restes.
hélicoptère	Engin volant à hélice.
hémisphère	Moitié de la Terre.
hémorragie	Perte de sang.
hérissé	Dressé (poils).
hésiter	Ne pas savoir quoi choisir.
illusion	Fausse idée ; tour qui trompe les yeux.
illustre	Célèbre.
illustrer	Mettre des images.
imagination	Capacité à inventer.
immaculé	Tout propre, sans tache.
immense	Très grand.
immédiatement	Tout de suite.
impatience	Manque de patience.
impatient	Qui ne sait pas attendre.
imperméable	Qui ne laisse pas passer l'eau ; manteau de pluie.
importance	Valeur.
importer	Faire venir de l'étranger ; compter.
impossible	Qui ne peut pas se faire.
impression	Sentiment ; texte imprimé.
imprimerie	Atelier où l'on imprime.
imprudence	Manque de prudence.
incident	Petit problème.
indication	Renseignement.
indifférent	Que rien n'intéresse.
indispensable	Nécessaire.
industriel	De l'industrie ; patron d'usine.
indépendance	Liberté.
infiniment	Énormément.
infirmière	Femme qui soigne les malades.
ingratitude	Manque de reconnaissance.
innocent	Qui n'a rien fait de mal.
inondation	Débordement d'eau.
inquiéter	Rendre inquiet.
inquiétude	Souci.
insister	Demander encore.
insomnie	Difficulté à dormir.
installer	Mettre en place.
institut	Établissement de recherche ou d'enseignement.
instructif	Qui apprend des choses.
instruction	Savoir ; consigne.
intelligence	Capacité à comprendre.
intelligent	Qui comprend vite.
intense	Très fort.
interpeller	Appeler quelqu'un vivement.
interroger	Poser des questions.
interrompre	Couper la parole ; arrêter.
intrigué	Curieux de savoir.
introduction	Début d'un texte.
introduire	Faire entrer.
intéressant	Qui intéresse.
intéresser	Captiver.
invitation	Le fait d'inviter.
jacinthe	Fleur de printemps parfumée.
jaillir	Sortir avec force.
javel	Produit qui désinfecte.
joncher	Couvrir le sol.
jonquille	Fleur jaune de printemps.
joyeusement	Avec joie.
kermesse	Fête de l'école.
kilogramme	Mille grammes.
laboratoire	Salle où l'on fait des expériences.
labyrinthe	Chemin où l'on se perd.
laisser	Ne pas prendre ; permettre.
lamentable	Très mauvais.
larve	Insecte au début de sa vie.
laïcité	Séparation de l'État et des religions.
littérature	Les livres et les œuvres écrites.
longtemps	Pendant un long moment.
longuement	Pendant longtemps.
lèpre	Maladie grave de la peau.
légal	Permis par la loi.
légèrement	Un peu.
maintenant	En ce moment.
majestueux	Grand et impressionnant.
malheureusement	Par malchance.
malheureux	Triste.
manifester	Montrer ; défiler pour protester.
manoeuvrer	Faire des mouvements pour conduire.
manoir	Petit château.
marchander	Discuter le prix.
marchandise	Ce qui se vend.
marguerite	Fleur blanche au cœur jaune.
marraine	Femme qui s'engage pour un enfant au baptême.
marron	Couleur brune ; grosse graine brillante.
marronnier	Arbre qui donne les marrons.
maussade	Triste, grognon.
maîtresse	Enseignante.
merveilleusement	De façon merveilleuse.
merveilleux	Magnifique.
messager	Personne qui porte un message.
micro	Appareil qui capte la voix.
microscope	Instrument pour voir les choses minuscules.
millimètre	Millième de mètre.
mixte	Pour garçons et filles.
moelleux	Doux et mou.
moisir	Se couvrir de moisi.
moissonneur	Personne qui fait la moisson.
moite	Un peu humide.
monarchie	Pays gouverné par un roi.
monastère	Maison des moines.
monnaie	Argent ; petites pièces.
monseigneur	Titre donné à un évêque ou à un prince.
mouiller	Rendre humide.
multicolore	De plusieurs couleurs.
mutuel	Réciproque.
myosotis	Petite fleur bleue.
myrtille	Petite baie bleue.
mystérieux	Plein de mystère.
mythologie	Histoires des dieux anciens.
mélancolie	Tristesse douce.
mélancolique	Triste et rêveur.
métaphore	Image pour dire autre chose (une pluie de baisers).
méthode	Façon de faire.
météorite	Pierre tombée de l'espace.
narcisse	Fleur blanche ou jaune.
national	Du pays.
naufrage	Bateau qui coule.
naval	Des bateaux.
nerveux	Agité, tendu.
nettoyer	Rendre propre.
norme	Règle.
nourrir	Donner à manger.
nourriture	Ce qu'on mange.
néanmoins	Pourtant.
nébuleuse	Nuage de gaz dans l'espace.
nécessaire	Indispensable.
nécessité	Besoin important, chose indispensable.
négligence	Manque de soin.
négligent	Qui ne fait pas attention.
négociant	Marchand en gros.
oasis	Endroit avec de l'eau et des arbres dans le désert.
obligeance	Gentillesse.
obscurcir	Rendre sombre.
observation	Le fait d'observer.
occasion	Moment favorable ; objet d'occasion : déjà utilisé.
occasionner	Causer.
occupation	Activité.
occurrence	Cas, fois où ça arrive.
oeillet	Fleur parfumée ; petit trou pour un lacet.
offenser	Vexer.
oisillon	Petit oiseau.
olympique	Des Jeux olympiques.
opposer	Mettre face à face.
opération	Calcul ; intervention du chirurgien.
ordinairement	D'habitude.
orgueilleux	Trop fier.
orthographe	Façon correcte d'écrire les mots.
ouest	Direction où le soleil se couche.
oxygène	Gaz de l'air qu'on respire.
paillette	Petit morceau brillant.
palme	Feuille de palmier ; nageoire de plongée.
pamplemousse	Gros agrume un peu amer.
paranoïa	Peur maladive qu'on nous veut du mal.
paraître	Sembler ; apparaître.
parchemin	Peau d'animal où l'on écrivait autrefois.
pardessus	Manteau d'homme.
paresseux	Qui n'aime pas travailler.
parfaitement	Tout à fait.
paroi	Mur, côté.
parrain	Homme qui s'engage pour un enfant au baptême.
parterre	Coin de fleurs dans un jardin.
participer	Prendre part.
particulier	Spécial ; personne privée.
particulièrement	Surtout.
passager	Voyageur ; qui ne dure pas.
patience	Calme pour attendre.
patio	Cour intérieure.
pensionnat	École où l'on dort.
perdrix	Oiseau des champs.
perfection	Le fait d'être parfait.
permission	Autorisation.
perroquet	Oiseau coloré qui répète les mots.
personnage	Personne dans une histoire.
personnalité	Caractère ; personne célèbre.
perspective	Vue au loin ; ce qui peut arriver.
persévérer	Continuer malgré les difficultés.
peste	Maladie grave ; personne pénible.
peut-être	Possiblement.
pharaon	Roi de l'Égypte ancienne.
philosophe	Personne qui réfléchit sur la vie.
philosophie	Réflexion sur le sens de la vie.
physique	Du corps ; science de la matière.
pinceau	Outil pour peindre.
pittoresque	Joli et original.
poilu	Plein de poils ; soldat de 14-18.
porte-plume	Manche où l'on fixe la plume.
possession	Ce qu'on possède.
posséder	Avoir.
poulailler	Abri des poules.
poulain	Petit du cheval.
pourcentage	Nombre sur cent (%).
pourrir	Se gâter.
poursuivre	Courir après ; continuer.
primevère	Fleur jaune de printemps.
principal	Le plus important.
principalement	Surtout.
printanier	Du printemps.
prisonnier	Personne enfermée.
probabilité	Chance que ça arrive.
probablement	Sans doute.
procession	Défilé religieux.
prodigieux	Extraordinaire.
prodiguer	Donner beaucoup.
professeur	Enseignant.
profession	Métier.
professionnel	Du métier ; qui en fait son métier.
profondément	Très profond ; très fort.
promettre	Donner sa parole.
prompt	Rapide.
propriétaire	Personne qui possède.
prospérité	Richesse, réussite.
protection	Ce qui protège.
providence	Chance qui tombe à pic.
précaution	Prudence.
précipiter	Jeter ; se précipiter : se dépêcher.
précisément	Exactement.
précédent	Qui vient avant.
préférence	Ce qu'on préfère.
préoccuper	Inquiéter.
préparatif	Ce qu'on prépare.
préparation	Le fait de préparer.
psychiatre	Médecin qui soigne l'esprit.
psychologie	Étude de l'esprit.
puéril	Enfantin.
pâquerette	Petite fleur blanche des pelouses.
pâtisserie	Gâteaux ; magasin de gâteaux.
pénal	Qui concerne les punitions de la loi.
péniblement	Avec difficulté.
périlleux	Dangereux.
périmètre	Tour d'une figure.
quantité	Nombre, combien.
quartier	Partie d'une ville ; morceau.
quelconque	N'importe lequel ; ordinaire.
quelqu'un	Une personne.
quelquefois	Parfois.
quinzaine	Environ quinze ; deux semaines.
quotidien	De chaque jour ; journal.
rafle	Arrestation de nombreuses personnes par la police.
rafraîchir	Rendre frais.
raisonnable	Sage.
ramasser	Prendre par terre.
rapidement	Vite.
rappeler	Appeler à nouveau ; faire souvenir.
rapport	Lien ; compte rendu.
rapporter	Ramener.
rapprocher	Mettre plus près.
rassembler	Réunir.
rattraper	Attraper à nouveau ; rejoindre.
rayonner	Briller ; être joyeux.
rechercher	Chercher.
recommander	Conseiller.
recommencer	Refaire.
reconduire	Raccompagner.
reconnaître	Savoir qui c'est ; admettre.
recueillir	Accueillir ; ramasser.
recul	Mouvement en arrière.
redescendre	Descendre à nouveau.
redresser	Remettre droit.
regretter	Avoir du regret.
relativement	Assez.
relief	Bosses et creux du sol.
remarquable	Extraordinaire.
remerciement	Merci.
renaissance	Nouvelle naissance ; époque après le Moyen Âge.
renaître	Revivre.
rencontrer	Voir quelqu'un.
rendez-vous	Rencontre prévue.
renfermer	Contenir.
renouveler	Refaire, remplacer.
renouvellement	Le fait de renouveler.
renseignement	Information.
renseigner	Informer.
renvoyer	Envoyer à nouveau ; faire partir.
reparaître	Revenir.
repli	Recul.
repousser	Pousser en arrière ; repousser à plus tard.
représentation	Spectacle ; image.
représenter	Montrer ; remplacer quelqu'un.
respectueux	Poli, qui respecte.
resplendir	Briller très fort.
responsabilité	Obligation de répondre de ses actes.
ressembler	Être pareil.
ressentir	Éprouver.
ressort	Pièce en spirale qui rebondit.
ressource	Moyen ; richesse.
retrousser	Relever (ses manches).
rhinocéros	Gros animal à corne sur le nez.
rhumatisme	Douleur des articulations.
rituel	Habitude ; cérémonie.
rival	Concurrent.
ronronner	Faire un bruit doux, comme le chat content.
rosir	Devenir rose.
rouiller	Se couvrir de rouille.
rugir	Crier, pour le lion.
ruisseler	Couler en ruisseau.
ruisselet	Petit ruisseau.
rural	De la campagne.
rythme	Cadence.
réception	Accueil ; fête.
réchauffer	Rendre chaud.
récompense	Ce qu'on reçoit pour avoir bien fait.
récompenser	Donner une récompense.
réconforter	Consoler.
récréation	Pause pour jouer à l'école.
réellement	Vraiment.
réfectoire	Salle où l'on mange à l'école.
réflexion	Pensée ; reflet.
régir	Diriger.
régner	Gouverner en roi.
régulièrement	Souvent, de façon régulière.
répandre	Étaler ; faire savoir.
république	Pays dirigé par des élus.
résigner	Se résigner : accepter sans se battre.
résistance	Force pour résister.
résolution	Décision ; solution.
résonner	Renvoyer le son.
réussir	Arriver à faire.
réveiller	Sortir du sommeil.
révolution	Grand changement ; révolte.
rôtir	Cuire au four.
s'absenter	Partir un moment.
s'agenouiller	Se mettre à genoux.
s'efforcer	Faire un effort.
s'emparer	Prendre de force.
s'empresser	Se dépêcher de faire.
s'écrouler	Tomber d'un coup.
s'éloigner	Aller plus loin.
s'évanouir	Perdre connaissance.
saigner	Perdre du sang.
salve	Tirs en même temps ; salve d'applaudissements.
satisfaction	Contentement.
satisfaire	Contenter.
science	Connaissances sur le monde.
scientifique	De la science ; savant.
scintiller	Briller en clignotant.
seigneurie	Terres d'un seigneur.
sifflement	Bruit aigu.
siffler	Faire un son aigu avec la bouche.
sifflet	Petit instrument qui siffle.
silencieusement	Sans bruit.
silencieux	Calme, sans bruit.
silhouette	Forme, contour.
sillonner	Parcourir dans tous les sens.
simplement	De façon simple.
simplicité	Le fait d'être simple.
sincèrement	Honnêtement.
sincérité	Franchise.
soigneusement	Avec soin.
soigneux	Qui fait attention.
solde	Prix réduits.
solennel	Grave et officiel.
solliciter	Demander.
solstice	Jour le plus long ou le plus court de l'année.
sommeil	Le fait de dormir.
souffler	Faire sortir de l'air.
souffrance	Douleur.
souhaiter	Désirer.
souiller	Salir.
soupçonner	Penser que quelqu'un est coupable.
souterrain	Sous la terre.
soutien	Aide.
soviet	Conseil ouvrier en Russie autrefois.
soyeux	Doux comme la soie.
splendide	Magnifique.
spécialement	Exprès.
stage	Période de formation.
stand	Petit espace d'exposition.
stationner	Garer.
statistique	Chiffres qui résument.
store	Rideau qui s'enroule.
stupéfaction	Grand étonnement.
subitement	Tout à coup.
succulent	Délicieux.
suffire	Être assez.
suffisant	Assez.
supplier	Demander avec insistance.
supporter	Tenir, subir ; encourager une équipe.
supposer	Imaginer que.
surprendre	Étonner ; trouver en train de.
surveillance	Le fait de surveiller.
surveiller	Garder un œil.
symbole	Signe qui représente.
sympathique	Agréable, gentil.
symptôme	Signe d'une maladie.
symétrie	Pareil des deux côtés.
séminaire	École pour devenir prêtre ; réunion d'étude.
sérieusement	Avec sérieux.
sévèrement	Durement.
sûrement	Certainement.
tacheter	Couvrir de petites taches.
tailler	Couper pour donner une forme.
taillis	Petits arbres serrés.
tapisser	Couvrir de papier peint.
tardif	Qui arrive tard.
tarif	Prix.
tarir	Ne plus couler.
tartelette	Petite tarte.
tellement	Tant.
température	Chaleur ou froid mesurés.
tendrement	Avec tendresse.
terne	Sans éclat.
ternir	Faire perdre l'éclat.
terrasse	Plateforme dehors.
thermomètre	Instrument qui mesure la température.
thérapie	Traitement.
théâtre	Spectacle joué par des acteurs.
tibia	Os de la jambe.
tilleul	Arbre dont on fait une tisane.
tonnerre	Bruit de l'orage.
torrent	Rivière rapide de montagne.
torse	Haut du corps.
touffu	Épais.
tourbillon	Mouvement qui tourne vite.
tourmenter	Faire souffrir ; inquiéter.
tournoyer	Tourner sur soi-même.
toutefois	Cependant.
tracé	Ligne dessinée.
traditionnel	Qui suit la tradition.
traitement	Soin médical.
trajectoire	Chemin suivi.
tranquille	Calme.
tranquillement	Calmement.
transformation	Changement.
transformer	Changer.
transmettre	Faire passer.
transparent	Qu'on voit à travers.
transporter	Déplacer.
travailler	Faire un travail.
travailleur	Qui travaille dur.
traîneau	Voiture sur la neige.
tressaillir	Sursauter.
trier	Séparer.
triompher	Gagner.
trotter	Aller au trot.
trottoir	Bord de rue pour les piétons.
turbulent	Agité.
télégramme	Message envoyé très vite, autrefois.
téléphoner	Appeler au téléphone.
témoignage	Récit d'un témoin.
ténèbres	Obscurité.
universel	Pour tous.
vagabond	Personne qui erre sans maison.
vainqueur	Gagnant.
vaisselle	Assiettes, verres ; les laver.
valse	Danse à trois temps.
verbal	Oral ; du verbe.
verbe	Mot qui dit l'action (manger, courir).
verdoyant	Plein de vert.
vieillard	Vieil homme.
vieillesse	Grand âge.
villageois	Habitant du village.
virus	Microbe qui rend malade.
visuel	De la vue.
vital	Indispensable pour vivre.
vocabulaire	Les mots qu'on connaît.
vocal	De la voix.
volaille	Oiseaux de la ferme.
volontiers	Avec plaisir.
vulgaire	Grossier.
végétation	Plantes.
xénophobie	Haine des étrangers.
zoologie	Science des animaux.
ébranler	Secouer, faire trembler.
échantillon	Petit morceau pour essayer.
éclabousser	Projeter de l'eau.
économiser	Mettre de l'argent de côté.
écrivain	Personne qui écrit des livres.
écureuil	Petit animal roux à queue touffue.
électricité	Énergie qui fait marcher les appareils.
électrique	Qui marche à l'électricité.
électron	Minuscule particule qui tourne autour de l'atome.
émerveiller	Remplir d'admiration.
énormément	Beaucoup.
épargner	Économiser ; ne pas faire de mal.
éphémère	Qui dure peu.
épouvantable	Horrible.
épouvanter	Faire très peur.
équilatéral	Triangle aux trois côtés égaux.
équinoxe	Jour où le jour et la nuit durent autant.
éteindre	Arrêter le feu ou la lumière.
étincelant	Qui brille fort.
étinceler	Briller.
étonnement	Surprise.
étouffer	Ne plus pouvoir respirer.
étrennes	Cadeaux du Nouvel An.
évidemment	Bien sûr.
événement	Ce qui arrive.
