abdiquer	Renoncer au pouvoir.
ablution	Lavage (souvent religieux).
abreuvoir	Bac où boivent les animaux.
acariâtre	Grincheux et désagréable.
acrobatie	Exercice d'acrobate.
admiratif	Plein d'admiration.
adoption	Le fait d'adopter.
adorateur	Personne qui adore.
adultère	Le fait d'avoir une relation amoureuse hors de son couple marié.
adversité	Malchance, difficultés.
affectif	Des sentiments.
affermir	Rendre plus solide.
agitateur	Personne qui pousse à la révolte.
aigrelet	Un peu aigre.
aimanter	Rendre magnétique.
alanguir	Rendre mou, sans énergie.
alarmant	Inquiétant.
alchimie	Ancienne science qui cherchait à fabriquer de l'or.
algarade	Dispute brusque.
algérien	D'Algérie.
almanach	Calendrier avec des conseils.
alourdir	Rendre plus lourd.
alpaguer	Attraper, arrêter (familier).
alsacien	D'Alsace.
aléatoire	Dû au hasard.
amalgame	Mélange ; confusion.
amandier	Arbre à amandes.
amenuiser	Diminuer.
amirauté	Commandement de la marine.
amnistie	Pardon général décidé par la loi.
analogie	Ressemblance.
analogue	Semblable.
animateur	Personne qui anime.
animosité	Hostilité.
anomalie	Ce qui n'est pas normal.
antichar	Contre les chars.
antilope	Animal rapide d'Afrique à cornes.
antipode	Endroit de la Terre exactement opposé.
aquatique	De l'eau.
arabesque	Motif en courbes.
arbalète	Arc monté sur une crosse.
archiduc	Prince d'Autriche.
archipel	Groupe d'îles.
armateur	Propriétaire de navires.
armature	Squelette qui soutient.
armoirie	Blason.
armurier	Marchand ou fabricant d'armes.
arquebuse	Ancien fusil.
arrosoir	Récipient pour arroser.
artisanal	Fait à la main.
asiatique	D'Asie.
aspérité	Petite bosse.
asservir	Rendre esclave.
asticoter	Taquiner (familier).
atrocité	Cruauté horrible.
auditoire	Public qui écoute.
auréoler	Entourer d'une auréole ; glorifier.
austérité	Sévérité ; économies.
automate	Machine qui imite l'homme.
automnal	De l'automne.
autonome	Indépendant.
aversion	Dégoût.
aérogare	Bâtiment de l'aéroport.
aéroplane	Ancien avion.
babouche	Chausson oriental.
bachelier	Personne qui a le bac.
balafrer	Blesser au visage.
balancier	Pièce qui oscille.
balayeur	Personne qui balaie les rues.
balbutier	Parler en hésitant.
baldaquin	Toit de tissu au-dessus d'un lit.
baliverne	Bêtise.
baluchon	Petit paquet de vêtements.
banquise	Glace sur la mer.
barbaque	Viande (argot).
barbiche	Petite barbe.
barboter	S'agiter dans l'eau.
baromètre	Instrument qui prévoit le temps.
batelier	Conducteur de bateau.
baudrier	Ceinture d'escalade.
bavarois	De Bavière ; dessert.
bergerie	Abri des moutons.
berlingot	Bonbon ; emballage.
berlinois	De Berlin.
beuverie	Fête où l'on boit trop.
bifurquer	Changer de direction.
bigorneau	Petit coquillage.
bijoutier	Marchand de bijoux.
binoclard	Qui porte des lunettes (moqueur).
biscornu	Bizarre, tordu.
biscotte	Pain grillé sec.
bistouri	Couteau de chirurgien.
bleuâtre	Un peu bleu.
blondeur	Couleur blonde.
boiserie	Panneaux de bois.
bouderie	Le fait de bouder.
bougeoir	Support de bougie.
bourgade	Petit bourg.
branchage	Branches.
brassard	Bande au bras.
bravement	Courageusement.
breloque	Petit bijou suspendu.
breuvage	Boisson.
bricolage	Petits travaux.
brodequin	Grosse chaussure montante.
broderie	Dessin fait au fil.
bronchite	Maladie des bronches, avec de la toux.
bronzage	Peau brunie au soleil.
brunâtre	Un peu brun.
bréviaire	Livre de prières du prêtre.
buanderie	Pièce pour laver le linge.
burlesque	Comique et absurde.
bâtardise	Fait d'être né hors mariage (mot ancien).
béatitude	Bonheur parfait.
bénitier	Bassin d'eau bénite.
bénévole	Qui aide sans être payé.
cabriolet	Voiture décapotable.
cachemire	Laine très douce.
cacheter	Fermer une lettre.
cadastral	Du cadastre.
cadastre	Plan officiel des terrains.
cafetier	Patron de café.
calamité	Catastrophe.
calciner	Brûler complètement.
calembour	Jeu de mots.
calomnier	Dire des mensonges pour nuire.
calvitie	Perte des cheveux.
cambouis	Graisse noire.
camembert	Fromage rond et crémeux.
camisole	Chemise ; camisole de force.
campanile	Clocher séparé de l'église.
canadien	Du Canada.
canaliser	Diriger.
canicule	Grosse chaleur.
canotier	Chapeau de paille.
capeline	Grand chapeau souple.
captivant	Passionnant.
caqueter	Crier (poule) ; bavarder.
caracoler	Sauter joyeusement.
carcéral	De la prison.
carlingue	Corps de l'avion.
carpette	Petit tapis.
cascader	Tomber en cascade.
catacombe	Souterrain où l'on enterrait les morts.
cataracte	Grande chute d'eau ; maladie de l'œil.
causerie	Conversation.
cavalcade	Course bruyante.
censurer	Interdire.
centième	Numéro cent.
certifier	Garantir.
chagriner	Rendre triste.
chaloupe	Barque de secours.
champêtre	De la campagne.
chandail	Pull.
chanoine	Prêtre attaché à une cathédrale.
charabia	Langage incompréhensible.
charmeur	Séduisant.
charnier	Fosse où l'on entasse des cadavres.
charnière	Pièce qui fait tourner une porte.
charpente	Structure en bois d'un toit.
chasuble	Vêtement du prêtre à la messe.
cheminer	Avancer lentement.
cheminot	Employé des chemins de fer.
chevalet	Support du peintre.
chevalin	Du cheval.
chevreau	Petit de la chèvre.
chicorée	Salade ; boisson.
chimiste	Savant en chimie.
chuinter	Faire un bruit de « ch ».
chérubin	Petit ange.
ciboulot	Tête (argot).
cimenter	Couvrir de ciment ; renforcer.
cinéaste	Réalisateur de films.
clairsemé	Peu serré.
clapoter	Faire de petites vagues.
clapotis	Bruit de petites vagues.
classeur	Dossier pour ranger les feuilles.
clavecin	Ancien instrument à clavier.
clepsydre	Horloge à eau.
clinique	Hôpital privé.
cliqueter	Faire des petits bruits.
cliquetis	Petits bruits métalliques.
clocheton	Petit clocher.
cloporte	Petit animal gris à pattes.
cloîtrer	Enfermer.
clémence	Indulgence.
clôturer	Fermer ; terminer.
coaguler	Figer (sang).
cocotier	Palmier à noix de coco.
colmater	Boucher.
coloniser	Occuper un pays.
colporter	Répandre ; vendre en porte-à-porte.
comestible	Qu'on peut manger.
comparse	Complice.
compatir	Partager la peine.
compulser	Consulter.
comédien	Acteur.
concerter	Se concerter : se mettre d'accord.
concerto	Morceau pour soliste et orchestre.
concilier	Mettre d'accord.
concubin	Personne qui vit en couple sans être mariée.
conforter	Renforcer.
conscrit	Jeune soldat.
consulat	Bureau d'un consul.
contexte	Situation autour.
converger	Aller vers le même point.
converser	Discuter.
convoyer	Accompagner.
convulsif	Brusque, saccadé.
cordelier	Moine franciscain.
cordialité	Gentillesse.
cornette	Coiffe de religieuse.
corniaud	Chien bâtard ; imbécile (familier).
cornichon	Petit concombre au vinaigre.
corporel	Du corps.
corpulent	Gros et grand.
corsaire	Pirate au service d'un roi.
corvette	Petit navire de guerre.
costumer	Déguiser.
coudrier	Noisetier.
couleuvre	Serpent sans venin.
couperet	Lame de guillotine.
courbure	Forme courbe.
coursier	Porteur de courses ; cheval.
coursive	Couloir de bateau.
courtier	Intermédiaire.
courtine	Muraille entre deux tours.
courtiser	Chercher à séduire.
coutumier	Habitué.
couvrant	Qui couvre.
crachoter	Cracher un peu.
cramoisi	Rouge foncé.
craqueler	Fendiller.
cravache	Fouet de cavalier.
cravater	Attraper (familier).
crocheter	Ouvrir sans clé.
croulant	Qui s'écroule ; vieux (familier).
crécelle	Instrument qui fait un bruit sec.
crédulité	Le fait de tout croire.
cuissard	Short de cycliste.
cuistance	Cuisine (argot).
culinaire	De la cuisine.
culminant	Le plus haut.
cupidité	Amour de l'argent.
dandiner	Se dandiner : se balancer en marchant.
derechef	De nouveau.
derviche	Religieux musulman qui danse en tournant.
desserte	Petite table ; service de transport.
devanture	Vitrine.
dextérité	Adresse.
diagonale	Ligne d'un coin à l'autre.
dialecte	Langue régionale.
dialoguer	Discuter.
diamètre	Ligne qui traverse le cercle par le centre.
diaphane	Presque transparent.
diatribe	Critique violente.
difforme	Déformé.
digestif	De la digestion ; alcool après le repas.
diligence	Voiture à chevaux ; rapidité.
diplomate	Représentant d'un pays ; habile.
directoire	Direction ; gouvernement en 1795.
discorde	Désaccord.
discourir	Parler longtemps.
disculper	Prouver l'innocence.
disjoint	Séparé.
disloquer	Démonter.
disparate	Mal assorti.
dispersion	Éparpillement.
distancer	Laisser derrière.
district	Région.
divergent	Qui s'écarte.
divulguer	Révéler.
djellaba	Longue robe d'Afrique du Nord.
docilité	Obéissance.
doctorat	Diplôme très élevé.
dodeliner	Balancer la tête.
doléance	Plainte.
dominical	Du dimanche.
donateur	Personne qui donne.
dorloter	Choyer.
douanier	Agent de la douane.
douceâtre	D'une douceur fade.
douzième	Numéro douze.
draperie	Tissu drapé.
dressage	Éducation d'un animal.
droiture	Honnêteté.
drugstore	Magasin ouvert tard (mot anglais).
drôlerie	Chose drôle.
dubitatif	Qui doute.
dynamite	Explosif.
débandade	Fuite en désordre.
débander	Enlever un bandage.
débecter	Dégoûter (familier).
déblayer	Dégager.
débouché	Sortie ; possibilité de métier.
déboucler	Défaire une boucle.
débrider	Libérer.
débusquer	Faire sortir de sa cachette.
décamper	Partir vite.
décharner	Rendre très maigre.
déclamer	Réciter avec emphase.
déclinant	Qui baisse.
décocher	Lancer.
décolorer	Enlever la couleur.
décoratif	Qui décore.
découdre	Défaire la couture.
découpage	Action de découper.
décroiser	Défaire ce qui était croisé.
décroître	Diminuer.
décupler	Multiplier par dix.
dédicace	Mot écrit par l'auteur dans un livre.
dédoubler	Séparer en deux.
défensif	Qui défend.
défensive	Sur la défensive : prêt à se défendre.
défiance	Méfiance.
défrayer	Payer les frais.
défricher	Préparer une terre à cultiver.
défroque	Vieux vêtements.
déférence	Respect.
déférent	Respectueux.
dégainer	Sortir son arme.
dégauchir	Redresser.
déglutir	Avaler.
dégorger	Déborder ; vider.
dégrafer	Défaire les agrafes.
dégriser	Faire cesser l'ivresse.
déguerpir	Partir vite.
dégénérer	Se dégrader.
délation	Dénonciation.
délectable	Délicieux.
délecter	Se délecter : savourer.
délester	Alléger.
délimiter	Fixer les limites.
déloquer	Déshabiller (argot).
démesuré	Énorme.
démordre	Ne pas en démordre : ne pas changer d'avis.
départir	Se départir : abandonner.
dépiauter	Enlever la peau (familier).
déplaisir	Contrariété.
dépotoir	Décharge.
déraciner	Arracher avec les racines.
dérapage	Glissade.
dérobade	Fuite.
désarmant	Touchant.
désavouer	Renier.
désoeuvré	Qui n'a rien à faire.
désolant	Triste.
détraquer	Dérégler.
détremper	Mouiller.
détriment	Au détriment de : au désavantage de.
dévaliser	Voler tout.
dévorant	Qui dévore.
effectif	Réel ; nombre de personnes.
embardée	Écart brusque.
emboîter	Assembler.
empiéter	Déborder sur.
empêtrer	Embrouiller.
encolure	Cou du cheval ; col.
endiguer	Contenir.
endurcir	Rendre dur.
enfilade	Suite en ligne.
enjamber	Passer par-dessus.
enjambée	Grand pas.
enjôleur	Séducteur.
enlaidir	Rendre laid.
entacher	Salir.
enticher	S'enticher : s'attacher soudainement.
entêtant	Qui monte à la tête.
enviable	Qu'on envie.
envoûter	Ensorceler.
ermitage	Lieu isolé où vit un ermite.
escabeau	Petite échelle.
escamoter	Faire disparaître.
escarpin	Chaussure élégante.
escrimer	S'escrimer : s'efforcer.
esgourde	Oreille (argot).
estimable	Qui mérite l'estime.
estivant	Vacancier d'été.
estourbir	Assommer (familier).
estuaire	Embouchure d'un fleuve.
exaction	Violence.
excepter	Mettre à part.
exclamer	S'exclamer : s'écrier.
excusable	Qu'on peut pardonner.
existant	Qui existe.
exorciser	Chasser un démon.
exorcisme	Cérémonie pour chasser un démon.
exotisme	Charme des pays lointains.
explicite	Clair.
explosif	Qui explose.
expulsion	Renvoi.
expéditif	Rapide.
extasier	S'extasier : s'émerveiller.
exténuer	Épuiser.
exécrable	Détestable.
exécutif	Qui applique les lois.
faiblard	Un peu faible.
fainéant	Paresseux.
famélique	Affamé.
fanatique	Passionné à l'excès.
fanatisme	Passion aveugle.
fantasque	Capricieux.
fastueux	Luxueux.
fatalisme	Idée que tout est écrit d'avance.
fataliste	Qui accepte le destin.
fatidique	Fixé par le destin.
favorite	Préférée.
fermenter	Se transformer (vin, pâte).
figurine	Petite statue.
filament	Fil très fin.
filiforme	Très mince.
filigrane	Dessin visible par transparence.
financer	Payer.
fioriture	Ornement.
fixation	Attache.
flageoler	Trembler (jambes).
flambant	Flambant neuf : tout neuf.
flambeur	Qui dépense beaucoup.
flancher	Faiblir.
flanelle	Tissu doux.
floraison	Époque des fleurs.
flotteur	Objet qui flotte.
flânerie	Promenade tranquille.
fondateur	Personne qui a créé.
fournaise	Feu intense.
fracture	Os cassé.
fraîchir	Devenir frais.
fricoter	Manigancer (familier).
friction	Frottement.
fringale	Grosse faim.
fringant	Plein d'allure.
frivolité	Légèreté.
froidure	Froid.
frôlement	Léger contact.
fulgurant	Très rapide.
fulminer	Être en colère.
funambule	Artiste qui marche sur un fil.
fureteur	Curieux.
furibond	Furieux.
futilité	Chose sans importance.
fébrilité	Agitation.
fécondité	Capacité à avoir des enfants.
féerique	Magique.
féministe	Qui défend les droits des femmes.
gabardine	Imperméable.
galopade	Course au galop.
galopant	Qui augmente vite.
gamberge	Réflexion (argot).
gamberger	Réfléchir (argot).
gangrène	Pourriture d'une partie du corps.
garnement	Enfant turbulent.
gazogène	Appareil qui fabrique du gaz.
genièvre	Petit fruit bleu ; alcool.
glacière	Boîte froide.
gladiateur	Combattant romain.
glissade	Le fait de glisser.
gloriole	Petite vanité.
goguenard	Moqueur.
goinfrer	Se goinfrer : manger trop.
gondoler	Se déformer.
graminée	Plante comme l'herbe ou le blé.
gratifier	Récompenser.
gratuité	Le fait d'être gratuit.
grenadier	Arbre à grenades ; soldat.
grenadine	Sirop rouge.
grimacer	Faire des grimaces.
grimpant	Qui grimpe.
griserie	Excitation.
grisâtre	Un peu gris.
grosseur	Taille ; bosse.
guimauve	Bonbon mou.
guimbarde	Vieille voiture.
guttural	De la gorge.
guéridon	Petite table ronde.
géniteur	Père.
généralité	Idée générale.
havresac	Sac à dos.
hivernal	De l'hiver.
huitième	Numéro huit.
imagerie	Ensemble d'images.
imaginatif	Plein d'imagination.
imbroglio	Situation embrouillée.
impavide	Sans peur.
importun	Gênant.
imposteur	Personne qui se fait passer pour une autre.
impropre	Qui ne convient pas.
impudeur	Manque de pudeur.
impulsif	Qui agit sans réfléchir.
inaction	Absence d'action.
inarticulé	Pas bien prononcé.
incartade	Petite bêtise.
inchangé	Pareil.
incolore	Sans couleur.
incurable	Qu'on ne peut pas guérir.
incursion	Entrée rapide.
incurver	Courber.
indemnité	Somme donnée pour réparer.
indicible	Qu'on ne peut pas dire.
indolent	Mou, paresseux.
indéfini	Pas précis.
inespéré	Inattendu.
infamant	Déshonorant.
infecter	Contaminer.
infester	Envahir.
infidèle	Pas fidèle.
infinité	Nombre sans fin.
infirmité	Handicap.
infortuné	Malchanceux.
infusion	Tisane.
ingénier	S'ingénier : chercher tous les moyens.
insipide	Sans goût.
insoluble	Qui ne se dissout pas ; sans solution.
insurger	S'insurger : se révolter.
intenable	Insupportable.
intensif	Intense.
intermède	Pause.
intitulé	Titre.
inusable	Qui ne s'use pas.
inutilité	Le fait d'être inutile.
invective	Insulte.
inversion	Retournement.
invétéré	Endurci.
inégalité	Différence injuste.
ironiser	Se moquer.
jactance	Vantardise.
jalouser	Envier.
jardinet	Petit jardin.
jardinière	Bac à fleurs ; plat de légumes.
jaunâtre	Un peu jaune.
jointure	Articulation.
jongleur	Artiste qui lance des balles.
juridique	Du droit.
jérémiade	Plainte.
laconique	Bref.
langueur	Mollesse.
languide	Languissant.
largesse	Générosité.
latitude	Position nord-sud ; liberté.
libanais	Du Liban.
libertin	Qui ne suit pas les règles morales.
limpidité	Clarté.
linoléum	Revêtement de sol.
liquéfier	Rendre liquide.
liturgie	Déroulement d'un culte.
lourdeur	Poids.
louvoyer	Zigzaguer.
luminosité	Clarté.
légalité	Respect de la loi.
légation	Représentation d'un pays.
législatif	Qui fait les lois.
légitimer	Justifier.
légitimité	Droit.
lézarder	Se fendre ; se prélasser au soleil.
macaroni	Pâtes en tubes.
machinal	Automatique.
magnolia	Arbre à grandes fleurs.
maigreur	Minceur excessive.
majuscule	Grande lettre.
malingre	Chétif.
malpropre	Sale.
maléfice	Sort.
mandarin	Haut fonctionnaire chinois ; langue chinoise.
mandibule	Mâchoire.
manigance	Petite ruse.
manucure	Soin des ongles.
maquisard	Résistant dans le maquis.
marchant	Qui marche.
marcheur	Personne qui marche.
margelle	Bord d'un puits.
marginal	En marge.
marmelade	Compote.
marocain	Du Maroc.
maroquin	Cuir de chèvre.
martinet	Oiseau ; petit fouet.
marxisme	Doctrine de Karl Marx.
marxiste	Partisan du marxisme.
mascarade	Déguisement ; comédie.
mastiquer	Mâcher.
maugréer	Grogner.
mauresque	Maure, d'Afrique du Nord.
membrane	Peau fine.
mercerie	Magasin de fils et boutons.
meurtrir	Blesser.
milicien	Membre d'une milice.
militant	Qui se bat pour une idée.
mimétisme	Imitation.
minauder	Faire des manières.
minimiser	Réduire.
ministériel	D'un ministre.
minorité	Petit nombre ; enfance.
minuterie	Système qui éteint seul.
miroitant	Qui brille.
miroiter	Refléter la lumière.
mobilité	Capacité à bouger.
modalité	Manière.
momentané	Temporaire.
momifier	Transformer en momie.
monarque	Roi.
mondanité	Vie mondaine.
monocorde	Sur un seul ton.
monotonie	Ennui.
monticule	Petite butte.
monétaire	De la monnaie.
moulinet	Mouvement circulaire ; appareil de pêche.
moustachu	Qui a une moustache.
moutarde	Sauce piquante jaune.
muscadet	Vin blanc.
mâchefer	Résidu de charbon.
médisance	Critique méchante.
méditatif	Pensif.
méprisable	Qui mérite le mépris.
méprisant	Qui méprise.
méridional	Du sud.
méritant	Qui mérite.
méritoire	Digne d'éloge.
nageoire	Aile du poisson.
narquois	Moqueur.
nautique	De la navigation.
nestorien	D'une ancienne Église chrétienne d'Orient.
niaiserie	Bêtise.
noblement	Dignement.
noirceur	Couleur noire ; méchanceté.
noirâtre	Un peu noir.
nordique	Du nord.
notifier	Informer.
notoriété	Célébrité.
nounours	Ours en peluche.
numéroter	Mettre des numéros.
nénuphar	Plante aquatique.
objecter	Répondre par un argument.
obliquer	Tourner.
obnubiler	Obséder.
obsédant	Qui obsède.
obédience	Obéissance ; appartenance.
octogonal	À huit côtés.
oisiveté	Paresse.
ombilical	Du nombril.
omoplate	Os de l'épaule.
ondulant	Qui ondule.
opiniâtre	Obstiné.
opulence	Richesse.
opérateur	Personne qui fait fonctionner.
oratoire	Petite chapelle ; du discours.
orchidée	Fleur exotique.
ordurier	Grossier.
organique	Vivant ; naturel.
ostensoir	Objet sacré en or.
outrance	Excès.
pacifier	Ramener la paix.
palabrer	Discuter longtemps.
palpable	Qu'on peut toucher.
pancréas	Organe de la digestion.
pantomime	Jeu sans paroles.
papeterie	Magasin de papier.
paquetage	Affaires du soldat.
parabole	Histoire morale ; courbe ; antenne.
paradoxal	Contradictoire.
parement	Revers.
parodier	Imiter pour se moquer.
partance	En partance : sur le point de partir.
partisan	Qui soutient.
passoire	Ustensile à trous.
pastèque	Gros fruit vert et rouge.
patrimoine	Biens hérités.
pavement	Sol pavé.
pavoiser	Mettre des drapeaux.
pentecôte	Fête chrétienne.
perchoir	Barre où se posent les oiseaux.
percuter	Heurter.
perdreau	Jeune perdrix.
perpétrer	Commettre.
perpétuité	Durée infinie.
persuasif	Convaincant.
persuasion	Conviction.
pianoter	Taper du bout des doigts.
piqueter	Parsemer.
piécette	Petite pièce.
piédestal	Support de statue.
placarder	Afficher.
placette	Petite place.
placidité	Calme.
plaisance	Bateau de plaisance : pour les loisirs.
planteur	Propriétaire de plantation.
plastron	Devant de chemise.
platitude	Banalité.
pleurant	Qui pleure.
pluvieux	Où il pleut.
poitrail	Poitrine du cheval.
ponctuel	À l'heure.
ponctuer	Mettre la ponctuation.
populace	Peuple (péjoratif).
popularité	Célébrité.
portatif	Portable.
portique	Galerie à colonnes ; barre de balançoire.
postérieur	Qui vient après ; derrière.
postérité	Générations futures.
posément	Calmement.
pouliche	Jeune jument.
pourtour	Bord.
praticien	Médecin.
prestance	Allure.
primordial	Essentiel.
princier	De prince.
prisunic	Ancienne chaîne de magasins.
procréer	Avoir des enfants.
profaner	Manquer de respect à ce qui est sacré.
profitable	Utile.
profusion	Abondance.
proférer	Prononcer.
promiscuité	Voisinage trop proche.
promoteur	Personne qui lance un projet.
pronostic	Prévision.
prospérer	Réussir.
prussien	De Prusse.
préalable	Qui vient avant.
préambule	Introduction.
précaire	Fragile.
précepte	Règle.
précepteur	Professeur particulier.
préjudice	Tort.
préjuger	Juger d'avance.
préluder	Annoncer.
présager	Prévoir.
prétexter	Donner une fausse raison.
prétoire	Salle du tribunal.
prévaloir	L'emporter.
prêcheur	Qui prêche.
psalmodier	Réciter sur un ton monotone.
purgatoire	Lieu d'attente des âmes.
puritain	Très strict sur la morale.
pébroque	Parapluie (argot).
péninsule	Presqu'île.
pénétrant	Qui pénètre.
péripétie	Événement imprévu.
pétarade	Série de détonations.
pétarader	Faire des bruits d'explosion.
pétition	Demande signée par beaucoup.
quiétude	Tranquillité.
quolibet	Moquerie.
rabrouer	Repousser sèchement.
raclement	Bruit de raclage.
racontar	Commérage.
racornir	Durcir.
radoucir	Rendre plus doux.
rajuster	Remettre en place.
rambarde	Garde-fou.
rameuter	Rassembler.
rancunier	Qui garde rancune.
raréfier	Rendre rare.
ratatiner	Rider.
rebutant	Qui décourage.
recenser	Compter.
receveur	Personne qui encaisse.
rechange	De rechange : de remplacement.
recouper	Couper à nouveau ; confirmer.
recourber	Courber.
recouvert	Couvert.
recracher	Cracher.
redingote	Long manteau.
reformer	Former à nouveau.
refréner	Retenir.
regardant	Avare.
reliquat	Reste.
reluisant	Brillant.
reléguer	Mettre à l'écart.
remontée	Le fait de remonter.
remâcher	Ruminer.
renauder	Râler (argot).
rencarder	Renseigner (argot).
renchérir	Aller plus loin.
rengorger	Se rengorger : faire le fier.
rentable	Qui rapporte.
renverse	À la renverse : sur le dos.
renâcler	Rechigner.
repartie	Réponse rapide.
repaître	Se repaître : se nourrir.
repiquer	Replanter.
replanter	Planter à nouveau.
repriser	Raccommoder.
rescaper	Réchapper.
resurgir	Réapparaître.
retouche	Petite correction.
retourne	Retourne : du verbe retourner.
revenant	Fantôme.
ricanant	Qui ricane.
ricocher	Rebondir.
ricochet	Rebond d'un caillou sur l'eau.
rigidité	Raideur.
rigolard	Rieur.
ripoliner	Peindre (brillant).
romancier	Auteur de romans.
rougeole	Maladie avec des boutons rouges.
rouspéter	Râler.
routinier	Habitué.
rudiment	Notions de base.
rutilant	Brillant.
râtelier	Support ; dentier.
régional	De la région.
régularité	Constance.
régénérer	Renouveler.
réitérer	Refaire.
réprouver	Désapprouver.
répudier	Rejeter.
répulsion	Dégoût.
résonance	Écho.
résorber	Faire disparaître.
rétorquer	Répliquer.
réverbère	Lampe de rue.
révoltant	Choquant.
révulser	Dégoûter.
sabotage	Destruction volontaire.
sacrilège	Offense au sacré.
sacrément	Très (familier).
saladier	Grand bol.
salpêtre	Moisissure blanche des murs.
salutaire	Bénéfique.
samouraï	Guerrier japonais.
sanitaire	De la santé ; toilettes.
sarabande	Danse ; vacarme.
saugrenu	Bizarre.
saumâtre	Un peu salé ; désagréable.
scorpion	Animal à pinces et à dard.
seizième	Numéro seize.
serpenter	Faire des courbes.
servitude	Esclavage.
sibérien	De Sibérie.
simulacre	Imitation.
simultané	En même temps.
singerie	Imitation ; grimace.
snobisme	Admiration de ce qui est à la mode.
sobriquet	Surnom.
sobriété	Modération.
solidité	Résistance.
somnolent	À moitié endormi.
somnoler	Dormir à moitié.
sonatine	Petite sonate.
songerie	Rêverie.
sonorité	Son.
soupente	Réduit sous l'escalier.
soupeser	Évaluer le poids.
soupirail	Petite fenêtre de cave.
soupière	Plat à soupe.
sourdine	En sourdine : doucement.
soutirer	Obtenir par ruse.
sparadrap	Pansement adhésif.
spécifier	Préciser.
spéculer	Réfléchir ; parier sur les prix.
stagnant	Qui ne bouge pas.
stalinien	De Staline.
stigmate	Marque, cicatrice.
stimulant	Encourageant.
stratège	Spécialiste de la stratégie.
strident	Aigu et fort.
stupéfier	Étonner.
stérilité	Incapacité à avoir des enfants ; absence de microbes.
subalterne	Inférieur.
subjuguer	Charmer.
subodorer	Deviner.
subtilité	Finesse.
subversif	Qui pousse à la révolte.
suintant	Qui laisse couler.
surnager	Flotter.
surplomb	Avancée au-dessus du vide.
survenue	Arrivée soudaine.
survivant	Qui a survécu.
surélever	Rendre plus haut.
suspense	Attente anxieuse.
suspicion	Soupçon.
syndical	Du syndicat.
sécréter	Produire.
séculaire	Très ancien.
séducteur	Qui séduit.
sénéchal	Officier royal.
sépulture	Tombe.
sévérité	Dureté.
tabatière	Boîte à tabac ; fenêtre de toit.
tabernacle	Petite armoire sacrée.
tactique	Plan d'action.
talisman	Porte-bonheur.
tangible	Réel.
tantinet	Un peu.
tapageur	Bruyant.
tarauder	Tourmenter.
tartiner	Étaler.
templier	Chevalier du Moyen Âge.
temporel	Du temps.
tempérer	Modérer.
tempêter	Crier de colère.
tenancier	Gérant.
tentacule	Bras de pieuvre.
tintouin	Tracas (familier).
titubant	Qui titube.
toboggan	Glissière.
tonitruer	Crier très fort.
tortueux	Sinueux.
traiteur	Marchand de plats préparés.
trappeur	Chasseur du Grand Nord.
traversin	Long oreiller.
travestir	Déguiser.
traînant	Qui traîne.
traîtrise	Trahison.
triporteur	Vélo à trois roues.
triturer	Tripoter.
tromperie	Mensonge.
troufion	Soldat (argot).
trémière	Rose trémière : grande fleur.
trésorier	Personne qui gère l'argent.
tunisien	De Tunisie.
turpitude	Honte.
turquoise	Pierre ou couleur bleu-vert.
tutélaire	Protecteur.
tyrolien	Du Tyrol.
télévisé	Passé à la télévision.
ténacité	Persévérance.
ubiquité	Fait d'être partout à la fois.
ultimatum	Dernier avertissement.
ultérieur	Plus tard.
vacancier	Personne en vacances.
vacciner	Faire un vaccin.
vaporiser	Pulvériser.
variable	Qui change.
variante	Version différente.
vasistas	Petite fenêtre qui s'ouvre en haut.
ventouse	Objet qui colle par aspiration.
vergogne	Sans vergogne : sans honte.
vermoulu	Rongé par les vers.
vertébral	De la colonne vertébrale.
verveine	Plante à tisane.
vestibule	Entrée.
veulerie	Lâcheté.
vexation	Humiliation.
viennois	De Vienne.
vigilance	Attention.
vignoble	Vignes.
violacer	Devenir violet.
violoniste	Joueur de violon.
virginal	Pur.
virtuosité	Grande habileté.
virulent	Violent.
viscéral	Profond.
visibilité	Fait d'être visible.
vitamine	Substance utile à la santé.
vitrifier	Transformer en verre.
vivacité	Rapidité.
vociférer	Crier.
voilette	Petit voile de chapeau.
voisiner	Être à côté.
volatile	Qui s'évapore.
voltigeur	Acrobate.
volubile	Qui parle beaucoup.
volubilité	Facilité de parole.
voracité	Avidité.
végétatif	Des plantes ; sans activité.
vénitien	De Venise.
véridique	Vrai.
zigzaguer	Faire des zigzags.
âprement	Durement.
éberluer	Étonner.
ébéniste	Menuisier d'art.
écarlate	Rouge vif.
écarteler	Tirer dans tous les sens.
éclaircie	Retour du soleil.
éclaireur	Scout ; soldat en avant.
éclosion	Naissance.
éconduire	Renvoyer.
écorchure	Égratignure.
écourter	Raccourcir.
écrasant	Accablant.
écritoire	Nécessaire à écrire.
édifiant	Exemplaire.
églantine	Fleur de l'églantier.
égoutier	Ouvrier des égouts.
élasticité	Souplesse.
élastique	Qui s'étire.
élucider	Éclaircir.
énervant	Agaçant.
énormité	Grosse bêtise.
épiderme	Peau.
épilepsie	Maladie qui provoque des crises.
épilogue	Fin.
épluchure	Peau enlevée d'un légume.
équateur	Ligne qui partage la Terre en deux.
équation	Égalité avec une inconnue.
équatorial	De l'équateur.
équestre	Du cheval.
équitable	Juste.
éraflure	Égratignure.
éruption	Sortie de lave ; boutons.
étendard	Drapeau.
étrangeté	Bizarrerie.
évertuer	S'évertuer : s'efforcer.
