achat	Ce qu'on a acheté.
acier	Métal très dur fait avec du fer.
acte	Ce qu'on fait ; une partie d'une pièce de théâtre.
actif	Qui bouge et travaille beaucoup.
actuel	Qui existe maintenant, en ce moment.
adieu	Mot pour dire au revoir pour toujours.
adroit	Habile, qui fait bien les choses avec ses mains.
afin	Afin de : pour.
agent	Personne chargée d'un travail (agent de police).
agile	Qui bouge vite et facilement.
agir	Faire quelque chose.
aide	Ce qu'on fait pour aider quelqu'un.
aigle	Grand oiseau de proie qui vole très haut.
aile	Partie du corps de l'oiseau qui lui sert à voler.
air	Ce qu'on respire ; l'allure de quelqu'un.
aise	À l'aise : bien, content, sans gêne.
alors	À ce moment-là ; donc.
amande	Fruit sec ovale dans une coque.
amateur	Personne qui aime une activité sans en faire son métier.
ami	Personne qu'on aime bien et avec qui on partage.
amour	Sentiment très fort pour quelqu'un qu'on aime.
ange	Être du ciel avec des ailes ; enfant très sage.
animal	Être vivant qui bouge et respire, mais n'est pas une personne.
année	Douze mois, de janvier à décembre.
après	Plus tard ; derrière.
ardeur	Grande énergie, envie de bien faire.
ardoise	Petit tableau pour écrire à la craie ; pierre du toit.
arme	Objet pour se battre ou chasser.
armer	Donner des armes ; préparer.
armoire	Grand meuble pour ranger les vêtements.
armée	Tous les soldats d'un pays.
art	Façon de créer de belles choses (peinture, musique…).
article	Texte dans un journal ; petit mot devant le nom (le, la, un).
artiste	Personne qui crée : peintre, musicien, danseur…
aube	Tout début du jour, quand le soleil se lève.
aussi	De même, pareil.
autel	Table où le prêtre dit la messe.
autour	Tout le tour de quelque chose.
autre	Pas le même, différent.
avant	Plus tôt ; devant.
avec	En compagnie de ; en se servant de.
avenir	Le temps qui va venir, plus tard.
avertir	Prévenir quelqu'un.
aveugle	Qui ne voit pas.
avion	Engin avec des ailes qui vole dans le ciel.
avis	Ce qu'on pense de quelque chose.
avoir	Posséder.
avril	Quatrième mois de l'année.
bain	Moment où l'on se lave dans une baignoire.
bal	Fête où l'on danse.
balcon	Petite plateforme devant une fenêtre, avec une rambarde.
baleine	Très gros animal qui vit dans la mer.
balle	Petite boule pour jouer.
banc	Siège long pour plusieurs personnes.
bande	Morceau long et étroit ; groupe d'amis.
barbe	Poils qui poussent sur le menton et les joues.
barque	Petit bateau qu'on fait avancer avec des rames.
bas	Pas haut, près du sol.
bassin	Grand récipient d'eau dans un jardin ; piscine.
bazar	Magasin où l'on trouve de tout ; grand désordre.
beau	Joli, agréable à regarder.
bec	Bouche dure et pointue de l'oiseau.
belge	De Belgique.
bien	Comme il faut, sans faute.
bijou	Objet précieux qu'on porte : bague, collier…
biscuit	Petit gâteau sec.
bise	Petit baiser sur la joue ; vent froid.
bleu	Couleur du ciel sans nuage.
bloc	Gros morceau.
blond	De couleur jaune clair (cheveux).
blouse	Vêtement léger qu'on met par-dessus pour se protéger.
blé	Plante dont les grains donnent la farine.
boeuf	Gros animal de la ferme, mâle de la vache.
boire	Avaler un liquide.
bois	Matière des arbres ; petite forêt.
bon	Agréable au goût ; gentil.
bond	Saut.
bondir	Sauter d'un coup.
bonheur	Grande joie, quand on est heureux.
bonjour	Mot pour saluer quelqu'un.
bonne	Féminin de bon : agréable, gentille.
bonté	Gentillesse.
bord	Limite, extrémité (bord de la mer, de la table).
bordure	Ce qui fait le tour, le bord.
borne	Pierre au bord de la route qui indique la distance.
botte	Chaussure haute ; paquet (botte de radis).
boucle	Anneau ; mèche de cheveux en rond.
boue	Terre mouillée qui colle.
boule	Objet tout rond.
bourse	Petit sac pour l'argent ; argent donné pour étudier.
bout	Extrémité ; petit morceau.
bouton	Petit rond pour fermer un vêtement ; petite bosse sur la peau.
bras	Partie du corps entre l'épaule et la main.
brave	Courageux ; gentil.
bravo	Mot pour féliciter.
bref	Court ; en résumé.
brin	Petit morceau fin (brin d'herbe).
brique	Bloc de terre cuite pour construire les murs.
brise	Petit vent léger.
bruit	Son, souvent désagréable.
brume	Léger brouillard.
brun	De couleur marron foncé.
brusque	Soudain ; un peu brutal.
brut	Tel quel, pas travaillé.
brutal	Violent, pas doux.
bureau	Table pour travailler ; pièce où l'on travaille.
but	Ce qu'on veut atteindre ; point marqué au football.
bâtir	Construire.
bâton	Morceau de bois long et mince.
bébé	Tout petit enfant.
bénir	Appeler la protection de Dieu sur quelqu'un.
bêche	Outil pour retourner la terre.
bête	Animal ; pas malin.
cabine	Petite pièce fermée (cabine d'essayage, de bateau).
cadet	Le plus jeune des enfants.
cadre	Bord autour d'un tableau ; chef dans une entreprise.
café	Boisson noire et chaude ; lieu où l'on boit.
cage	Boîte à barreaux pour enfermer un animal.
cahier	Feuilles attachées ensemble pour écrire.
calcul	Opération avec des nombres.
calme	Tranquille, sans bruit ni agitation.
camion	Gros véhicule qui transporte des marchandises.
camp	Endroit où l'on installe des tentes.
canal	Rivière creusée par l'homme pour les bateaux.
canard	Oiseau qui nage, avec un large bec plat.
canif	Petit couteau qui se replie.
canon	Grosse arme qui tire des boulets.
car	Parce que ; aussi : un autocar.
caramel	Sucre fondu et doré.
carnet	Petit cahier.
carte	Carton avec un dessin ou un plan ; carte à jouer.
carton	Papier épais et dur ; boîte faite avec.
cas	Situation, ce qui arrive.
cause	Ce qui provoque quelque chose, la raison.
cave	Pièce sous la maison.
caverne	Grand trou dans la roche, grotte.
ceci	Cette chose-ci.
cela	Cette chose-là.
cent	Le nombre 100.
cerf	Grand animal de la forêt avec des bois sur la tête.
chacun	Chaque personne.
chair	Viande ; muscles et peau du corps.
chaleur	Quand il fait chaud.
charbon	Pierre noire qui brûle et chauffe.
charge	Ce qu'on porte, qui est lourd.
charité	Aide donnée aux pauvres.
charme	Ce qui plaît beaucoup ; formule magique.
chat	Petit animal à moustaches qui miaule.
chef	Personne qui dirige les autres.
chemin	Petite route de terre.
chemise	Vêtement avec un col et des boutons.
cher	Qui coûte beaucoup ; qu'on aime beaucoup.
cheval	Grand animal qu'on peut monter.
chez	Dans la maison de.
chien	Animal domestique qui aboie.
choc	Coup quand deux choses se cognent.
chose	Objet, ce qui existe.
chute	Le fait de tomber.
chéri	Qu'on aime beaucoup.
chêne	Grand arbre qui donne des glands.
ciel	Espace au-dessus de nous où volent les oiseaux.
cinq	Le nombre 5.
cirque	Spectacle avec des clowns, des acrobates et des animaux.
citron	Fruit jaune et acide.
cité	Ville ; groupe d'immeubles.
clair	Plein de lumière ; facile à comprendre.
clarté	Lumière.
classe	Salle où l'on apprend ; groupe d'élèves.
clef	Objet pour ouvrir une serrure (on écrit aussi clé).
cloche	Instrument en métal qui sonne.
clou	Petite tige de métal pointue qu'on enfonce avec un marteau.
clé	Objet pour ouvrir une serrure.
cochon	Animal de la ferme au nez rond, qui grogne.
coeur	Organe qui fait circuler le sang ; les sentiments.
coin	Endroit où deux murs se rejoignent.
combien	Quelle quantité ? quel prix ?
comme	De la même façon que.
commun	Qui appartient à tous ; ordinaire.
commune	Ville ou village avec sa mairie.
congé	Jours où l'on ne travaille pas.
conte	Histoire inventée, souvent magique.
contenu	Ce qu'il y a dedans.
copain	Ami.
coq	Mâle de la poule, qui chante le matin.
corbeau	Grand oiseau tout noir.
corde	Gros fil solide.
corne	Pointe dure sur la tête de certains animaux.
costume	Vêtement pour se déguiser ; veste et pantalon assortis.
coton	Plante qui donne un tissu doux.
cou	Partie du corps entre la tête et les épaules.
coucou	Mot pour dire bonjour ; oiseau.
coude	Pli au milieu du bras.
coudre	Assembler du tissu avec une aiguille et du fil.
couleur	Rouge, bleu, vert, jaune…
coup	Choc donné en frappant.
coupe	Verre à pied ; trophée qu'on gagne.
couper	Séparer en morceaux avec un couteau ou des ciseaux.
cour	Espace dehors, entouré de murs (cour de récréation).
courage	Force pour affronter la peur ou la difficulté.
cours	Leçon ; chemin d'une rivière.
course	Action de courir ; compétition de vitesse.
court	Pas long.
cousin	Enfant de l'oncle ou de la tante.
cousine	Fille de l'oncle ou de la tante.
coutume	Habitude.
couvrir	Mettre quelque chose par-dessus.
cri	Son très fort de la voix.
crier	Parler très fort.
crime	Faute très grave punie par la loi.
crise	Moment difficile ; grosse colère.
croire	Penser que c'est vrai.
cuir	Peau d'animal qui sert à faire des chaussures, des sacs.
cuire	Chauffer un aliment pour le rendre bon à manger.
cuisine	Pièce où l'on prépare les repas.
cuivre	Métal rouge-orangé.
culture	Ce qu'on sait ; plantes qu'on fait pousser.
curé	Prêtre chargé d'une église.
côte	Os de la poitrine ; bord de la mer ; montée.
côté	Partie droite ou gauche ; bord.
dame	Femme.
dans	À l'intérieur de.
danse	Mouvements du corps en musique.
date	Jour, mois et année.
degré	Unité pour mesurer la température.
demain	Le jour après aujourd'hui.
demande	Question ; ce qu'on veut obtenir.
demi	La moitié.
dent	Petit os blanc dans la bouche pour mâcher.
depuis	À partir d'un moment.
dernier	Qui est à la fin.
dessin	Image faite avec un crayon.
deuil	Grande tristesse quand quelqu'un est mort.
devant	En face, à l'avant.
devenir	Commencer à être.
devoir	Travail à faire à la maison ; être obligé.
diable	Démon ; enfant très agité.
dictée	Exercice où l'on écrit un texte qu'on entend.
dire	Parler, exprimer par des mots.
divin	Qui vient de Dieu ; merveilleux.
docteur	Médecin.
doigt	Chacune des cinq parties au bout de la main.
donc	C'est pour ça, par conséquent.
dont	De qui, de quoi.
dormir	Se reposer les yeux fermés, la nuit.
dos	Partie arrière du corps, de la nuque aux fesses.
double	Deux fois plus.
douleur	Mal qu'on ressent.
doute	Quand on n'est pas sûr.
douze	Le nombre 12.
dragon	Animal imaginaire qui crache du feu.
drap	Grand tissu qu'on met sur le lit.
droit	Pas courbé ; ce qu'on a le droit de faire.
droite	Le côté de la main qui écrit, pour la plupart des gens.
drôle	Qui fait rire ; bizarre.
duc	Noble très important, sous le roi.
dur	Pas mou ; difficile.
durer	Continuer pendant un certain temps.
durée	Temps que dure quelque chose.
duvet	Petites plumes très douces ; sac de couchage.
dès	À partir de.
début	Commencement.
désir	Envie.
dîner	Repas du soir.
eau	Liquide transparent qu'on boit.
encore	Une fois de plus ; toujours.
enfin	À la fin, après avoir attendu.
engager	Prendre quelqu'un pour travailler ; commencer.
ensuite	Après.
entier	Complet, tout.
espoir	Ce qu'on espère, qu'on attend avec confiance.
face	Visage ; côté.
facteur	Personne qui apporte le courrier.
faim	Envie de manger.
faire	Fabriquer, réaliser.
fait	Ce qui s'est passé, qui est vrai.
fantôme	Esprit d'un mort qu'on imagine flotter, tout blanc.
farce	Blague ; hachis pour remplir un légume.
farine	Poudre de blé pour faire le pain et les gâteaux.
fatal	Qu'on ne peut pas éviter ; qui cause la mort.
fatigue	Quand on a besoin de se reposer.
faute	Erreur.
fauve	Grand animal sauvage, comme le lion.
faveur	Service qu'on rend pour faire plaisir.
femme	Personne adulte de sexe féminin ; épouse.
fenêtre	Ouverture vitrée dans un mur.
fer	Métal gris et dur ; appareil pour repasser.
ferme	Maison de campagne avec des animaux et des champs ; solide.
fermier	Personne qui travaille dans une ferme.
feu	Flammes qui brûlent ; lumière rouge ou verte au carrefour.
fidèle	Qui ne trahit pas, qui reste ami.
fier	Content de soi.
figure	Visage ; dessin.
fil	Brin fin pour coudre ; câble électrique.
file	Personnes les unes derrière les autres.
filet	Tissu à trous pour attraper ou porter.
fils	Enfant garçon, pour ses parents.
fin	Moment où ça s'arrête ; très mince.
finir	Terminer.
fièvre	Quand le corps est trop chaud parce qu'on est malade.
fleur	Partie colorée de la plante, souvent parfumée.
fleuve	Grande rivière qui va jusqu'à la mer.
flot	Vague ; beaucoup de quelque chose.
fléau	Grand malheur qui touche beaucoup de gens.
foi	Confiance totale ; croyance en Dieu.
foie	Organe à l'intérieur du ventre.
foin	Herbe séchée pour nourrir les animaux.
foire	Grand marché avec des manèges.
fois	Chaque moment où ça arrive (une fois, deux fois).
fond	Partie la plus basse, la plus loin.
force	Puissance des muscles.
forge	Atelier où l'on chauffe et tape le fer.
forme	Allure d'un objet : rond, carré…
fort	Qui a beaucoup de force.
fortune	Beaucoup d'argent ; chance.
forêt	Grand endroit plein d'arbres.
fou	Qui a perdu la raison ; bizarre.
foudre	Éclair qui tombe sur la terre.
fouet	Lanière pour frapper ; ustensile pour battre les œufs.
foule	Beaucoup de gens ensemble.
four	Appareil chaud pour cuire.
fournir	Donner ce qu'il faut.
frais	Un peu froid ; tout juste fait.
franc	Qui dit la vérité ; ancienne monnaie de France.
froid	Quand la température est basse.
fromage	Aliment fait avec du lait.
front	Haut du visage, au-dessus des yeux.
fruit	Partie de la plante qu'on mange, souvent sucrée.
frère	Garçon qui a les mêmes parents.
frémir	Trembler un peu.
fuir	Partir vite pour s'échapper.
fuite	Le fait de s'enfuir ; eau qui coule par un trou.
fumer	Faire de la fumée ; aspirer la fumée d'une cigarette.
fumée	Nuage gris qui sort de ce qui brûle.
fusil	Arme à feu longue.
fusée	Engin qui monte dans l'espace.
futur	Le temps qui va venir.
fée	Femme magique avec une baguette.
fête	Moment joyeux où l'on célèbre quelque chose.
fêter	Célébrer.
gamin	Enfant.
gant	Vêtement pour la main.
garde	Personne qui surveille.
gardien	Personne qui surveille un lieu.
gare	Endroit où s'arrêtent les trains.
garnir	Remplir, décorer.
garçon	Enfant de sexe masculin.
gaz	Matière invisible comme l'air ; énergie pour cuisiner.
gazon	Herbe courte et fine.
geler	Transformer en glace ; avoir très froid.
gelée	Glace fine du matin ; confiture transparente.
genre	Sorte ; masculin ou féminin.
gens	Des personnes.
gerbe	Bouquet de fleurs ; botte de blé.
geste	Mouvement de la main ou du corps.
gibier	Animaux qu'on chasse.
girafe	Animal d'Afrique au très long cou.
givre	Glace blanche sur les arbres en hiver.
glace	Eau gelée ; dessert glacé ; miroir.
gloire	Grande réputation.
gomme	Objet pour effacer le crayon.
gorge	Intérieur du cou.
goût	Saveur ; ce qu'on aime.
grain	Petite graine (blé, riz) ; très petit morceau.
grand	De grande taille.
grandir	Devenir plus grand.
gras	Plein de graisse.
grave	Sérieux, important ; voix basse.
gravir	Monter avec effort.
grenier	Pièce sous le toit.
gris	Couleur entre le noir et le blanc.
grive	Oiseau brun tacheté.
groupe	Ensemble de personnes ou de choses.
grue	Grand oiseau ; machine qui soulève les charges.
grâce	Élégance ; pardon.
grès	Pierre faite de sable collé.
guitare	Instrument de musique à cordes.
gémir	Pousser de petits cris de douleur.
haricot	Légume vert ou graine qu'on mange.
herbe	Plante verte qui pousse dans les prés.
hibou	Oiseau de nuit aux gros yeux.
hier	Le jour avant aujourd'hui.
hiver	Saison la plus froide.
ici	À cet endroit.
idée	Ce qu'on pense, ce qu'on invente.
image	Dessin, photo.
inconnu	Qu'on ne connaît pas.
insecte	Petit animal à six pattes.
jadis	Il y a très longtemps.
jambe	Partie du corps qui sert à marcher.
janvier	Premier mois de l'année.
jardin	Terrain avec des fleurs, des légumes, de l'herbe.
jaune	Couleur du citron.
jeter	Lancer ; mettre à la poubelle.
jeu	Activité pour s'amuser.
jeudi	Quatrième jour de la semaine.
jeune	Qui n'est pas vieux.
joie	Grand bonheur.
joli	Beau, agréable à regarder.
joue	Partie du visage sous l'œil.
jouer	S'amuser.
jouet	Objet pour jouer.
joueur	Personne qui joue.
joujou	Jouet (mot d'enfant).
jour	Temps où il fait clair ; 24 heures.
journal	Papier avec les nouvelles.
journée	Temps entre le matin et le soir.
juge	Personne qui décide au tribunal.
juger	Donner son avis, décider.
juin	Sixième mois de l'année.
jurer	Promettre très fort.
jusque	Jusqu'à : sans s'arrêter avant.
juste	Exact ; qui respecte les règles.
labeur	Travail pénible.
lac	Grande étendue d'eau entourée de terre.
laid	Pas beau.
laine	Poils du mouton pour tricoter.
lait	Liquide blanc que donnent la vache et la maman.
lampe	Objet qui fait de la lumière.
lapin	Petit animal aux longues oreilles.
large	Qui a une grande largeur.
larme	Goutte d'eau qui coule de l'œil quand on pleure.
las	Fatigué.
laver	Nettoyer avec de l'eau.
lecture	Action de lire.
lent	Qui ne va pas vite.
leur	À eux, à elles.
lever	Mettre plus haut ; sortir du lit.
leçon	Ce qu'on apprend.
liberté	Quand on peut faire ce qu'on veut.
libre	Qui n'est pas enfermé ; pas occupé.
lien	Ce qui attache ; relation.
lier	Attacher.
lieu	Endroit.
ligue	Groupe de personnes ou d'équipes.
lilas	Arbuste aux fleurs violettes parfumées.
limite	Ligne qu'on ne doit pas dépasser.
lin	Plante qui donne un tissu.
linge	Vêtements, draps, serviettes.
lion	Grand fauve à crinière, roi des animaux.
liquide	Qui coule, comme l'eau.
lire	Comprendre ce qui est écrit.
lis	Grande fleur blanche (on écrit aussi lys).
liste	Suite de mots écrits les uns sous les autres.
lit	Meuble pour dormir.
livre	Pages reliées qu'on lit.
livrer	Apporter une marchandise.
lièvre	Animal comme un grand lapin sauvage.
local	Du coin, du quartier ; une salle.
loger	Habiter ; héberger.
loi	Règle que tout le monde doit respecter.
loin	À une grande distance.
loisir	Temps libre pour s'amuser.
long	Qui a une grande longueur.
lors	Lors de : au moment de.
lot	Ce qu'on gagne à un jeu.
louer	Payer pour utiliser ; aussi : faire des compliments.
loup	Animal sauvage qui ressemble à un gros chien.
lueur	Lumière faible.
lui	Cette personne-là (il).
luire	Briller doucement.
lumière	Ce qui éclaire.
lundi	Premier jour de la semaine.
lune	Astre qui brille la nuit.
lunette	Lunettes : verres pour mieux voir.
lutin	Petit personnage magique et farceur.
lutte	Combat.
lèvre	Bord de la bouche.
léger	Qui ne pèse pas lourd.
légume	Plante qu'on mange : carotte, poireau…
machine	Appareil qui fait un travail.
madame	Mot pour parler poliment à une femme.
magique	Qui vient de la magie.
mai	Cinquième mois de l'année.
main	Partie au bout du bras, avec cinq doigts.
mais	Mot qui marque une opposition.
maison	Bâtiment où l'on habite.
mal	Douleur ; ce qui n'est pas bien.
malade	Qui n'est pas en bonne santé.
maladie	Ce qui rend malade.
malin	Rusé, intelligent.
maman	Mère.
mamie	Grand-mère.
manger	Mâcher et avaler de la nourriture.
manuel	Livre de classe ; fait avec les mains.
marche	Action de marcher ; degré d'un escalier.
marcher	Avancer à pied.
mardi	Deuxième jour de la semaine.
mare	Petite étendue d'eau.
mari	Homme marié.
mariage	Cérémonie où deux personnes se marient.
marin	Personne qui travaille sur un bateau ; de la mer.
marque	Trace ; nom d'un produit.
marquer	Faire une marque ; gagner un point.
mars	Troisième mois de l'année.
matin	Début de la journée.
matinal	Qui se lève tôt ; du matin.
matinée	Le temps du matin.
matière	Ce dont une chose est faite ; discipline à l'école.
mauve	Violet clair.
maître	Enseignant ; chef.
mener	Conduire.
menteur	Qui ne dit pas la vérité.
menu	Liste des plats d'un repas.
mer	Grande étendue d'eau salée.
merci	Mot pour remercier.
merle	Oiseau noir au bec jaune.
messe	Cérémonie religieuse à l'église.
meuble	Objet de la maison : table, lit, armoire…
midi	Le milieu de la journée, 12 heures.
miel	Produit sucré fait par les abeilles.
mien	À moi.
miette	Tout petit morceau de pain.
mine	Air du visage ; bout du crayon ; trou pour chercher du charbon.
mineur	Ouvrier de la mine ; enfant de moins de 18 ans.
minuit	Le milieu de la nuit, 0 heure.
minute	Soixante secondes.
miracle	Chose extraordinaire qu'on ne peut pas expliquer.
mirer	Se mirer : se regarder dans un miroir ou dans l'eau.
miroir	Glace où l'on se voit.
mode	Façon de s'habiller à une époque ; manière.
moderne	D'aujourd'hui.
moine	Homme religieux qui vit dans un monastère.
moineau	Petit oiseau brun des villes.
mois	Chacune des douze parties de l'année.
moitié	Une des deux parties égales.
moment	Court espace de temps.
monde	La Terre et tous ceux qui vivent dessus.
mont	Montagne.
morne	Triste et sans vie.
mort	Fin de la vie ; qui ne vit plus.
mortel	Qui peut mourir ; qui peut tuer.
moteur	Machine qui fait avancer un véhicule.
motif	Raison ; dessin répété.
mou	Qui n'est pas dur.
moudre	Écraser en poudre (café, blé).
moulin	Machine pour moudre le grain.
mouton	Animal de la ferme à la laine épaisse.
mouvoir	Faire bouger.
muet	Qui ne parle pas.
munir	Équiper, donner ce qu'il faut.
mur	Paroi de pierres ou de briques.
murmure	Bruit de voix très doux.
musique	Sons agréables arrangés ensemble.
musée	Bâtiment où l'on montre des œuvres d'art.
mère	Maman.
mètre	Unité de longueur, cent centimètres.
mélange	Plusieurs choses mises ensemble.
mémoire	Capacité à se souvenir.
métal	Matière dure comme le fer ou l'or.
métier	Travail qu'on fait pour gagner sa vie.
métro	Train qui roule sous la ville.
même	Pareil.
nager	Avancer dans l'eau en bougeant les bras et les jambes.
nappe	Tissu qu'on met sur la table.
natal	Où l'on est né.
nature	Tout ce qui n'est pas fabriqué : arbres, animaux, mer…
navet	Légume blanc et rond ; mauvais film.
navire	Grand bateau.
neige	Flocons blancs qui tombent quand il fait très froid.
net	Propre, clair.
neuf	Le nombre 9 ; tout nouveau.
nez	Partie du visage qui sert à sentir et à respirer.
niche	Petite maison du chien.
nid	Abri que l'oiseau construit pour ses œufs.
noble	Généreux, digne ; de famille importante autrefois.
nom	Mot qui désigne une personne ou une chose.
non	Mot pour refuser ou dire que c'est faux.
nord	Direction du haut sur une carte.
normal	Comme d'habitude.
note	Chiffre qui juge un travail ; son de musique.
nuage	Paquet de vapeur d'eau dans le ciel.
nuit	Temps où il fait noir.
nul	Aucun ; pas bon du tout.
objet	Chose qu'on peut toucher.
obliger	Forcer à faire.
octobre	Dixième mois de l'année.
odeur	Ce qu'on sent avec le nez.
oeuf	Ce que pond la poule, avec une coquille.
oie	Grand oiseau de la ferme, au long cou.
oiseau	Animal avec des plumes et des ailes.
onde	Vague ; eau.
onze	Le nombre 11.
orage	Pluie forte avec éclairs et tonnerre.
orange	Fruit rond et juteux ; couleur entre le rouge et le jaune.
orner	Décorer.
osier	Branche souple pour faire des paniers.
oui	Mot pour accepter ou dire que c'est vrai.
ours	Grand animal au pelage épais.
outre	En plus de ; sac en peau pour l'eau.
ouvrage	Travail ; livre.
ouvrier	Personne qui fait un travail manuel.
page	Côté d'une feuille d'un livre ou d'un cahier.
pain	Aliment fait avec de la farine, cuit au four.
paire	Deux choses qui vont ensemble.
panier	Objet avec une anse pour porter les courses.
papa	Père.
papi	Grand-père.
papier	Feuille pour écrire ou dessiner.
par	En passant par ; à cause de.
parc	Grand jardin public.
pardon	Mot pour s'excuser.
parent	Père ou mère ; personne de la famille.
parfait	Sans défaut.
parole	Ce qu'on dit.
part	Morceau pour chacun.
parti	Groupe de personnes qui font de la politique.
partie	Morceau d'un tout ; un jeu du début à la fin.
partir	S'en aller.
partout	Dans tous les endroits.
pas	Mouvement du pied pour marcher ; ne… pas : non.
patin	Chaussure pour glisser ou rouler.
patrie	Pays où l'on est né.
patron	Chef d'une entreprise.
patte	Jambe d'un animal.
pauvre	Qui n'a pas assez d'argent.
pavé	Pierre qui couvre la rue.
peau	Enveloppe du corps ; pelure d'un fruit.
perche	Long bâton ; poisson de rivière.
perle	Petite boule brillante pour les colliers.
perte	Le fait de perdre.
peser	Mesurer le poids.
petit	Pas grand.
peu	Pas beaucoup.
peuple	Les habitants d'un pays.
peur	Ce qu'on ressent devant un danger.
piano	Grand instrument de musique à touches.
pic	Sommet pointu ; oiseau qui tape les arbres.
pie	Oiseau noir et blanc qui jacasse.
pied	Bas de la jambe, sur lequel on marche.
pin	Arbre qui reste vert, avec des aiguilles.
pirate	Bandit des mers.
piscine	Grand bassin pour nager.
piste	Chemin ; trace laissée.
pitié	Tristesse pour quelqu'un qui souffre.
pièce	Partie d'une maison ; petite monnaie en métal.
piété	Grand respect pour Dieu.
place	Endroit ; grande étendue dans une ville.
placer	Mettre à un endroit.
plage	Bord de mer avec du sable.
plaisir	Joie, ce qui fait du bien.
plan	Dessin qui montre un lieu ; projet.
plante	Être vivant qui pousse dans la terre.
plaque	Morceau plat et rigide.
plat	Sans bosse ; ce qu'on sert à manger.
pleur	Larme.
plier	Replier, courber.
plonger	Sauter dans l'eau la tête la première.
pluie	Eau qui tombe des nuages.
plumage	Toutes les plumes d'un oiseau.
plume	Ce qui couvre le corps des oiseaux ; stylo ancien.
plumier	Boîte pour ranger les crayons.
plus	Davantage ; le signe +.
poche	Petit sac cousu dans un vêtement.
poil	Petit cheveu sur le corps.
point	Petit rond (.) ; ce qu'on marque dans un jeu.
pointe	Bout pointu.
poire	Fruit en forme de goutte.
poisson	Animal qui vit dans l'eau et respire avec des branchies.
poli	Qui dit bonjour et merci ; lisse et brillant.
pomme	Fruit rond qui pousse sur le pommier.
pompe	Appareil pour faire monter l'eau ou gonfler.
pont	Construction qui passe au-dessus d'une rivière ou d'une route.
porc	Cochon.
port	Endroit où s'arrêtent les bateaux.
porte	Ouverture pour entrer ou sortir.
porter	Tenir quelque chose en le soulevant.
porteur	Personne qui porte les bagages.
poser	Mettre quelque part.
postal	De la poste.
poste	Endroit où l'on envoie les lettres ; emploi.
pot	Récipient.
poudre	Grains très fins.
poule	Oiseau de la ferme qui pond des œufs.
poulet	Petit de la poule ; viande de poule.
poupée	Jouet en forme de petite personne.
pour	Afin de ; en faveur de.
pouvoir	Être capable de.
poésie	Texte écrit en vers, avec des rimes.
prairie	Grand champ d'herbe.
premier	Qui vient avant tous les autres.
presque	Pas tout à fait.
preuve	Ce qui montre que c'est vrai.
prier	Parler à Dieu ; demander poliment.
prime	Argent donné en plus, comme récompense.
prince	Fils du roi.
prise	Ce qu'on a attrapé ; prise électrique.
prison	Lieu où l'on enferme les coupables.
prière	Paroles pour parler à Dieu.
proche	Tout près.
produit	Ce qui est fabriqué.
proie	Animal chassé par un autre pour être mangé.
propre	Pas sale.
près	À côté, pas loin.
préau	Partie couverte de la cour d'école.
prévoir	Penser à l'avance à ce qui va arriver.
prêt	Préparé ; ce qu'on prête.
prêtre	Homme qui s'occupe de la religion et dit la messe.
puis	Ensuite.
puisque	Parce que.
punir	Donner une punition.
pupitre	Table d'écolier.
pur	Sans mélange ; très propre.
pâle	Presque sans couleur.
pâlir	Devenir pâle.
pâte	Mélange de farine et d'eau ; pâtes : spaghettis, coquillettes…
pâtre	Berger.
père	Papa.
péché	Faute contre la religion.
pénible	Difficile, fatigant.
pépite	Petit morceau d'or.
péril	Grand danger.
périr	Mourir.
pétrir	Écraser et mélanger la pâte avec les mains.
quatre	Le nombre 4.
quel	Mot pour poser une question (quel jour ?).
quoi	Quelle chose ?
race	Groupe d'animaux d'une même espèce qui se ressemblent.
racine	Partie de la plante sous la terre.
radis	Petit légume rouge et piquant.
rage	Très grande colère ; maladie des animaux.
raison	Intelligence ; ce qui explique.
ramage	Chant des oiseaux.
rame	Long bâton plat pour faire avancer une barque.
rang	Ligne de personnes ; place dans un classement.
rare	Qu'on voit peu souvent.
raser	Couper les poils au ras de la peau.
rat	Rongeur plus gros que la souris.
ravin	Vallée étroite et profonde.
ravir	Rendre très content ; enlever de force.
recette	Explication pour préparer un plat.
regard	Façon de regarder.
reine	Femme du roi, ou qui dirige un royaume.
relatif	Qui dépend d'autre chose.
relire	Lire à nouveau.
remise	Petite cabane pour les outils ; baisse du prix.
renard	Animal roux à longue queue, rusé.
repas	Ce qu'on mange à table.
repos	Temps pour se reposer.
reprise	Nouvelle fois ; réparation d'un trou dans un tissu.
requin	Gros poisson de mer aux dents pointues.
reste	Ce qui reste.
retenir	Garder ; se souvenir.
retour	Le fait de revenir.
revenir	Venir de nouveau.
revivre	Vivre de nouveau.
revoir	Voir de nouveau.
revue	Magazine ; défilé.
riche	Qui a beaucoup d'argent.
rider	Faire des rides, des plis.
rien	Aucune chose.
rire	Montrer qu'on s'amuse en faisant « ha ha ».
risque	Danger possible.
rive	Bord d'une rivière.
rivière	Cours d'eau.
riz	Petites graines blanches qu'on fait cuire.
robe	Vêtement de fille d'une seule pièce.
robuste	Fort et solide.
rocher	Gros bloc de pierre.
roi	Homme qui dirige un royaume.
rond	En forme de cercle.
ronde	Danse en cercle ; tour de surveillance.
rose	Fleur parfumée ; couleur rouge clair.
rosée	Petites gouttes d'eau sur l'herbe le matin.
roue	Objet rond qui tourne pour faire avancer.
rouge	Couleur de la tomate.
route	Grand chemin pour les voitures.
ruban	Bande de tissu étroite.
ruche	Maison des abeilles.
rude	Dur, pas doux.
rue	Chemin dans une ville, entre les maisons.
ruelle	Petite rue étroite.
ruine	Reste d'un bâtiment écroulé.
rusé	Malin.
règle	Instrument pour tracer des traits ; ce qu'il faut respecter.
récolte	Ce qu'on ramasse dans les champs.
réduire	Rendre plus petit.
régime	Façon de manger ; grappe de bananes.
réponse	Ce qu'on dit après une question.
réunion	Moment où des personnes se retrouvent.
réunir	Rassembler.
rêve	Histoire qu'on voit en dormant.
rôle	Personnage joué par un acteur.
sable	Petits grains sur la plage.
sablé	Petit biscuit qui s'émiette.
sabot	Chaussure en bois ; pied du cheval.
sabre	Grande épée courbe.
sac	Objet pour porter des affaires.
sacoche	Sac solide avec une anse.
sacré	Qu'on doit respecter ; lié à la religion.
sage	Calme, obéissant ; plein de sagesse.
sain	Bon pour la santé.
saison	Printemps, été, automne ou hiver.
salade	Plante verte à feuilles qu'on mange crue.
sale	Pas propre.
salir	Rendre sale.
salle	Grande pièce.
salon	Pièce où l'on reçoit les invités.
salut	Mot pour dire bonjour.
samedi	Sixième jour de la semaine.
sang	Liquide rouge qui circule dans le corps.
sans	Qui n'a pas.
santé	État du corps quand on n'est pas malade.
sapin	Arbre vert toute l'année (arbre de Noël).
satin	Tissu doux et brillant.
saut	Action de sauter.
sauvage	Qui vit en liberté dans la nature.
savoir	Connaître.
savon	Produit pour se laver.
seau	Récipient avec une anse.
sec	Pas mouillé.
sel	Poudre blanche au goût salé.
selon	D'après.
semaine	Sept jours.
semer	Mettre des graines en terre.
sept	Le nombre 7.
servir	Donner à manger ; être utile.
seul	Sans personne.
sien	À lui, à elle.
singe	Animal qui grimpe aux arbres, proche de l'homme.
sinon	Autrement.
sitôt	Aussitôt, tout de suite.
siècle	Cent ans.
siège	Ce sur quoi on s'assoit.
sobre	Qui boit et mange peu ; simple.
soeur	Fille qui a les mêmes parents.
soie	Tissu très doux et brillant.
soif	Envie de boire.
soin	Attention ; ce qu'on fait pour soigner.
soir	Fin de la journée.
sol	Terre ; plancher.
soldat	Homme ou femme de l'armée.
soleil	Étoile qui nous éclaire et nous chauffe.
solide	Qui ne casse pas facilement.
son	Bruit ; à lui, à elle.
sort	Ce qui va arriver ; formule magique.
sorte	Genre, espèce.
sortie	Endroit par où l'on sort.
sortir	Aller dehors.
sot	Pas malin, bête.
sou	Ancienne petite pièce de monnaie.
soupe	Plat liquide de légumes.
sous	En dessous de.
statue	Personnage sculpté dans la pierre ou le métal.
suave	Doux et agréable.
subir	Supporter quelque chose de désagréable.
sucre	Petits grains qui donnent un goût sucré.
sud	Direction du bas sur une carte.
sueur	Eau qui sort de la peau quand on a chaud.
suite	Ce qui vient après.
suivre	Aller derrière.
sujet	Ce dont on parle.
superbe	Très beau.
sur	Au-dessus de.
surgir	Apparaître tout d'un coup.
surtout	Plus que tout.
sève	Liquide qui circule dans les plantes.
série	Suite de choses qui vont ensemble.
sévir	Punir durement.
table	Meuble avec un plateau et des pieds.
tableau	Peinture ; grand panneau de la classe.
tablier	Vêtement qu'on met devant soi pour se protéger.
tache	Marque sale.
tant	Tellement.
tante	Sœur du père ou de la mère.
tapis	Tissu épais posé sur le sol.
tard	Après le moment habituel.
tarte	Gâteau plat avec des fruits.
tartine	Tranche de pain avec du beurre ou de la confiture.
tas	Choses empilées.
tasse	Petit récipient avec une anse pour boire.
tel	Pareil, comme ça.
tenir	Garder dans la main.
tenue	Vêtements qu'on porte.
terme	Fin ; mot.
terre	Sol ; la planète où l'on vit.
tige	Partie longue de la plante qui porte les feuilles.
tigre	Grand fauve rayé orange et noir.
timide	Qui n'ose pas parler aux autres.
tirer	Faire venir vers soi ; lancer une balle.
tiroir	Petite boîte qui glisse dans un meuble.
titre	Nom d'un livre, d'un film.
tiède	Ni chaud ni froid.
toile	Tissu ; tableau peint.
toit	Haut de la maison.
tomate	Fruit rouge qu'on mange en salade.
tombe	Endroit où l'on enterre un mort.
tomber	Faire une chute.
ton	Façon de parler ; à toi.
tortue	Animal lent avec une carapace.
tour	Bâtiment très haut ; tour de manège ; mouvement en rond.
tourner	Faire un mouvement en rond.
tous	L'ensemble, sans exception.
tout	En entier.
trace	Marque laissée.
train	Wagons tirés par une locomotive sur des rails.
tram	Tramway : train qui roule dans la ville.
triste	Pas content, qui a du chagrin.
trois	Le nombre 3.
trop	Plus qu'il ne faut.
trou	Ouverture ; creux.
trouble	Pas clair ; agitation.
troupe	Groupe de soldats ou d'acteurs.
très	Beaucoup.
trésor	Objets précieux cachés.
tuer	Faire mourir.
tuile	Plaque de terre cuite sur le toit.
tulipe	Fleur de printemps en forme de coupe.
tête	Partie du corps avec le visage.
tôt	De bonne heure.
union	Le fait d'être ensemble.
unique	Il n'y en a qu'un.
unir	Mettre ensemble.
usage	Utilisation.
usine	Bâtiment où l'on fabrique des objets.
utile	Qui sert à quelque chose.
vache	Animal de la ferme qui donne du lait.
valet	Serviteur ; carte à jouer.
valeur	Ce que vaut une chose ; courage.
valise	Bagage pour voyager.
valoir	Avoir un prix, une valeur.
vapeur	Nuage qui sort de l'eau chaude.
vase	Récipient pour les fleurs ; boue au fond de l'eau.
vaste	Très grand.
veau	Petit de la vache.
vendeur	Personne qui vend.
venir	Arriver ici.
vent	Air qui bouge.
vente	Le fait de vendre.
verdure	Plantes vertes.
verger	Terrain planté d'arbres fruitiers.
vernir	Mettre du vernis pour faire briller.
vert	Couleur de l'herbe.
vertu	Qualité, comme le courage ou l'honnêteté.
veuf	Homme dont la femme est morte.
vice	Grand défaut.
victime	Personne à qui il arrive un malheur.
vide	Où il n'y a rien.
vider	Enlever ce qu'il y a dedans.
vie	Temps entre la naissance et la mort.
vif	Rapide ; plein d'énergie.
visage	Devant de la tête : yeux, nez, bouche.
viser	Pointer vers une cible.
visible	Qu'on peut voir.
visite	Le fait d'aller voir quelqu'un ou un lieu.
vite	Rapidement.
vitesse	Rapidité.
vitre	Plaque de verre d'une fenêtre.
vitrine	Vitre d'un magasin où l'on montre les objets.
vivre	Être en vie ; habiter.
voici	Regarde, c'est ici.
voie	Chemin ; les rails du train.
voile	Grande toile d'un bateau ; tissu fin.
voir	Regarder avec les yeux.
voisin	Personne qui habite à côté.
voiture	Véhicule à quatre roues avec un moteur.
vol	Le fait de voler (dans l'air ou prendre à quelqu'un).
voler	Se déplacer dans l'air ; prendre ce qui n'est pas à soi.
volet	Panneau qui ferme une fenêtre.
voleur	Personne qui vole.
volume	Place qu'occupe une chose ; force du son ; livre.
volée	Groupe d'oiseaux qui volent ensemble.
vue	Ce qu'on voit ; le sens qui permet de voir.
vélo	Bicyclette.
vôtre	À vous.
zèbre	Animal d'Afrique rayé noir et blanc.
zèle	Grand effort pour bien faire.
âge	Nombre d'années depuis la naissance.
âme	Esprit, ce qui fait vivre.
âne	Animal aux longues oreilles, cousin du cheval.
écharpe	Long tissu qu'on met autour du cou.
éclat	Petit morceau cassé ; brillance.
écluse	Porte sur un canal pour faire passer les bateaux.
école	Endroit où l'on apprend.
écolier	Enfant qui va à l'école.
écrire	Tracer des lettres et des mots.
écrit	Ce qui est écrit.
écurie	Bâtiment pour les chevaux.
église	Bâtiment pour prier chez les chrétiens.
élève	Personne qui apprend à l'école.
énorme	Très gros.
épine	Pointe piquante sur une plante.
épreuve	Examen ; moment difficile.
épée	Arme longue en métal.
étable	Bâtiment pour les vaches.
établir	Installer, mettre en place.
étage	Niveau d'un bâtiment.
étalage	Marchandises montrées devant un magasin.
état	Façon d'être ; pays.
éternel	Qui ne finit jamais.
étoile	Point brillant dans le ciel la nuit.
étrange	Bizarre.
étude	Travail pour apprendre.
été	Saison la plus chaude.
être	Exister.
île	Terre entourée d'eau.
