aberration	Erreur absurde.
abomination	Chose horrible.
acceptation	Le fait d'accepter.
accessible	Qu'on peut atteindre ou comprendre.
accommoder	Adapter ; préparer un plat.
accomplissement	Réalisation.
accouchement	Naissance d'un bébé.
accroupir	S'accroupir : se baisser sur ses talons.
accroître	Augmenter.
accueillant	Qui reçoit bien.
accusation	Le fait d'accuser.
acharnement	Obstination.
acquiescement	Accord.
acquiescer	Dire oui.
acquisition	Achat.
actionner	Mettre en marche.
administrateur	Personne qui gère.
administratif	De l'administration.
admirablement	Très bien.
adolescence	Âge entre l'enfance et l'âge adulte.
affaisser	S'affaisser : s'effondrer.
affectation	Poste attribué ; manières.
affirmation	Ce qu'on affirme.
affleurer	Apparaître à la surface.
affranchir	Libérer ; timbrer.
affreusement	Terriblement.
affrontement	Combat.
affronter	Faire face.
agenouiller	S'agenouiller : se mettre à genoux.
agressivité	Violence.
agriculture	Culture de la terre.
aisselle	Creux sous le bras.
alimentaire	De la nourriture.
alimentation	Nourriture.
allitération	Répétition d'un même son consonne.
alternative	Choix entre deux possibilités.
alternativement	L'un puis l'autre.
ambassadeur	Représentant d'un pays à l'étranger.
amoncellement	Tas.
amour-propre	Fierté.
anachronisme	Chose qui n'est pas de son époque.
anaphore	Répétition d'un mot en début de phrase.
andouille	Charcuterie ; imbécile (familier).
anguille	Poisson long comme un serpent.
antichambre	Salle d'attente.
anticiper	Prévoir.
anticonstitutionnellement	Contre la Constitution.
antithèse	Opposition de deux idées.
antonyme	Mot de sens contraire.
aphorisme	Phrase courte qui dit une vérité.
apocryphe	Dont l'auteur n'est pas certain.
aporie	Problème sans solution.
apothéose	Moment le plus beau.
applaudissement	Bravo en tapant des mains.
apprentissage	Le fait d'apprendre.
apprivoisement	Le fait d'apprivoiser.
apprivoiser	Rendre moins sauvage.
approbation	Accord.
approfondir	Creuser ; étudier plus.
approprier	S'approprier : prendre pour soi.
appréhender	Craindre ; arrêter.
appréhension	Crainte.
après-demain	Dans deux jours.
architecture	Art de construire.
archéologue	Savant qui étudie les restes anciens.
archétype	Modèle parfait.
arrangement	Accord ; disposition.
arrestation	Le fait d'arrêter quelqu'un.
arrière-boutique	Pièce derrière le magasin.
arrière-grand-père	Père du grand-père.
arrière-pensée	Idée cachée.
articulation	Jointure ; prononciation.
artillerie	Canons.
artilleur	Soldat de l'artillerie.
assaillir	Attaquer.
assemblage	Réunion de morceaux.
assemblée	Réunion.
assigner	Attribuer.
association	Groupe.
assombrir	Rendre sombre.
assommer	Frapper fort à la tête.
assourdissant	Très bruyant.
asymptote	Droite dont une courbe s'approche sans la toucher.
asyndète	Suppression des mots de liaison.
attendrir	Émouvoir ; rendre tendre.
attendrissement	Émotion.
attraction	Attirance ; manège.
attribut	Qualité ; adjectif lié au sujet.
attribution	Le fait d'attribuer.
au-dehors	Dehors.
au-dessous	En dessous.
augmentation	Hausse.
authentique	Vrai.
automatique	Qui marche seul.
automatiquement	Sans y penser.
autorisation	Permission.
avant-garde	Ceux qui sont en avance.
avant-guerre	Période avant la guerre.
avant-hier	Il y a deux jours.
avant-poste	Poste le plus avancé.
avertissement	Mise en garde.
aveuglement	Manque de lucidité.
axiome	Vérité admise sans preuve.
bafouiller	Parler de façon confuse.
balancement	Mouvement de balance.
ballotter	Secouer.
barbouiller	Salir.
bassesse	Action honteuse.
bastille	Forteresse (prison de Paris prise en 1789).
bataillon	Groupe de soldats.
baïonnette	Lame au bout du fusil.
belle-fille	Femme du fils.
bizarrement	Étrangement.
bombardement	Attaque aux bombes.
bouillant	Très chaud.
bouillie	Purée liquide.
bouilloire	Récipient pour chauffer l'eau.
bouillonner	Faire des bulles.
bouleversant	Très émouvant.
bouleversement	Grand changement.
bousiller	Abîmer (familier).
brailler	Crier.
brancardier	Porteur de brancard.
bredouiller	Parler vite et mal.
brouhaha	Bruit de voix.
brouiller	Mélanger.
broussaille	Buissons.
bruissement	Petit bruit.
bruyamment	Avec bruit.
bureaucratie	Pouvoir des bureaux.
béquille	Canne pour marcher.
c'est-à-dire	Autrement dit.
cacophonie	Mélange de bruits.
cambriolage	Vol dans une maison.
cambrioleur	Voleur qui entre dans les maisons.
camionnette	Petit camion.
cantonnement	Logement de soldats.
capitalisme	Système économique fondé sur la propriété privée.
capitulation	Reddition.
caractéristique	Trait particulier.
carrosse	Voiture de luxe à chevaux.
carrosserie	Coque de la voiture.
carrousel	Manège.
casse-croûte	En-cas.
catastrophique	Très grave.
catharsis	Libération des émotions.
catégorique	Net.
certes	Bien sûr.
chamailler	Se chamailler : se disputer pour rien.
charpentier	Artisan des charpentes.
chatouiller	Faire rire en touchant.
chauve-souris	Mammifère qui vole la nuit.
cheminement	Progression.
chenille	Larve du papillon.
chiasme	Figure où les mots se croisent.
christianisme	Religion chrétienne.
chromatographie	Technique pour séparer les substances.
chromosome	Porteur des gènes dans la cellule.
chuchotement	Voix basse.
cinquantaine	Environ cinquante.
civilisation	Culture d'un peuple.
clandestinité	Vie cachée.
cochonnerie	Saleté.
coffre-fort	Coffre blindé.
collaborateur	Personne qui travaille avec.
collaboration	Travail ensemble.
collectionner	Réunir des objets.
collectionneur	Personne qui collectionne.
combinaison	Assemblage ; vêtement d'une pièce.
commentaire	Remarque.
commissaire	Chef de police.
commissariat	Bureau de police.
commission	Groupe chargé d'une mission ; course.
commissure	Coin des lèvres.
comparaître	Se présenter au tribunal.
compartiment	Case ; partie d'un wagon.
compensation	Dédommagement.
complaisance	Indulgence excessive.
complaisant	Trop gentil.
complication	Difficulté.
comportement	Façon d'agir.
compositeur	Auteur de musique.
compromettre	Mettre en danger.
compréhensible	Qu'on peut comprendre.
compréhensif	Qui comprend les autres.
compréhension	Le fait de comprendre.
comptabilité	Gestion des comptes.
concentration	Attention.
concomitamment	En même temps.
concurrence	Rivalité.
condamnation	Peine.
condescendance	Supériorité méprisante.
condoléance	Condoléances : réconfort après un décès.
confidentiel	Secret.
confirmation	Preuve.
confrontation	Face-à-face.
confusément	De façon confuse.
conjecture	Supposition.
consciencieusement	Avec soin.
conscient	Qui sait ce qu'il fait.
conservateur	Qui conserve ; qui refuse le changement.
conservatoire	École de musique.
considérablement	Beaucoup.
considération	Estime.
consistance	Épaisseur.
consommateur	Acheteur.
consommation	Le fait de consommer.
conspiration	Complot.
constatation	Observation.
consternation	Accablement.
consultatif	Qui donne un avis.
consultation	Visite chez le médecin.
contemplation	Le fait de contempler.
contemporain	De la même époque ; d'aujourd'hui.
contentement	Satisfaction.
contraction	Resserrement.
contradiction	Opposition.
contradictoire	Qui se contredit.
contraindre	Obliger.
contrairement	À l'opposé.
contre-jour	Lumière de face.
contremaître	Chef d'équipe.
contribution	Participation.
convaincant	Qui convainc.
convalescence	Période de guérison.
convenablement	Correctement.
conventionnel	Habituel.
convocation	Appel à venir.
coquetterie	Envie de plaire.
coquillage	Coquille d'un animal marin.
corbillard	Voiture des morts.
corollaire	Conséquence.
correctement	Bien.
correspondre	Aller ensemble ; s'écrire.
corrompre	Acheter quelqu'un malhonnêtement ; gâter.
corruption	Malhonnêteté.
coïncidence	Hasard.
crasseux	Très sale.
croque-mort	Employé des pompes funèbres.
cruellement	Avec cruauté.
crépitement	Petits bruits secs.
cuillerée	Contenu d'une cuillère.
curieusement	Bizarrement.
célibataire	Qui n'est pas marié.
d'emblée	Tout de suite.
dahlia	Fleur d'automne.
dangereusement	Avec danger.
davantage	Plus.
demi-cercle	Moitié de cercle.
demi-douzaine	Six.
demi-heure	Trente minutes.
demi-siècle	Cinquante ans.
desserrer	Relâcher.
dessinateur	Personne qui dessine.
destruction	Démolition.
dialectique	Art de raisonner par arguments opposés.
différemment	Autrement.
différencier	Distinguer.
diplomatique	De la diplomatie.
discriminant	Nombre qui dit combien de solutions a une équation.
discrètement	Sans se faire remarquer.
distiller	Chauffer pour séparer un liquide.
distinctement	Clairement.
distraitement	Sans attention.
distributeur	Appareil qui distribue.
divertissement	Amusement.
douillet	Confortable ; sensible à la douleur.
douloureusement	Avec douleur.
dysfonctionnement	Mauvais fonctionnement.
débarquement	Arrivée par la mer.
débarrasser	Enlever.
déboutonner	Défaire les boutons.
débrouiller	Se débrouiller : s'en sortir.
déchiffrer	Lire avec difficulté.
déchiqueter	Déchirer en morceaux.
déchirement	Grande douleur.
décomposition	Pourriture.
déconcertant	Troublant.
déconcerter	Troubler.
découragement	Perte de courage.
dédaigneux	Méprisant.
défaillance	Faiblesse.
défaillir	S'évanouir.
déferlement	Arrivée en masse.
définitivement	Pour toujours.
dégringoler	Tomber.
déguisement	Costume.
dégât	Dommage.
délibérément	Exprès.
délicatement	Doucement.
délicatesse	Finesse.
délicieusement	De façon délicieuse.
déliquescence	Décomposition.
démocratique	De la démocratie.
démonstration	Preuve.
déménagement	Changement de maison.
dépens	Aux dépens de : aux frais de.
déplacement	Voyage.
dérailler	Sortir des rails.
dérivée	Calcul de la pente d'une courbe.
dérouiller	Enlever la rouille.
déroulement	Suite des événements.
désapprouver	Ne pas être d'accord.
désastreux	Catastrophique.
désespérément	Sans espoir.
désinfecter	Tuer les microbes.
désintéresser	Se désintéresser : ne plus s'intéresser.
désinvolture	Sans-gêne.
détachement	Indifférence ; groupe de soldats.
détailler	Décrire.
détermination	Volonté.
déterminisme	Idée que tout a une cause.
eau-de-vie	Alcool fort.
ecchymose	Bleu sur la peau.
effaroucher	Faire peur.
effectivement	En effet.
effervescence	Agitation ; bulles.
effleurer	Toucher à peine.
effondrement	Écroulement.
effondrer	S'effondrer : s'écrouler.
effraction	Entrée par la force.
effrayant	Qui fait peur.
effriter	Réduire en miettes.
embarcation	Bateau.
embarquement	Montée à bord.
embarras	Gêne.
embarrassant	Gênant.
embouteillage	Bouchon de voitures.
embrasse	Cordon qui retient un rideau.
embrouiller	Compliquer.
empirisme	Connaissance par l'expérience.
employeur	Patron.
empoisonner	Mettre du poison.
empresser	S'empresser : se dépêcher.
emprisonner	Mettre en prison.
encadrement	Cadre ; surveillance.
enchantement	Magie ; joie.
enchaînement	Suite.
encouragement	Soutien.
enfreindre	Désobéir à une règle.
engouffrer	S'engouffrer : entrer vite.
engourdissement	Perte de sensation.
engraisser	Faire grossir.
enregistrer	Noter ; capturer le son.
entaille	Coupure.
enthousiasmer	Passionner.
enthousiaste	Plein d'enthousiasme.
entre-temps	Pendant ce temps.
entrebâiller	Ouvrir un peu.
entrechoquer	Cogner ensemble.
entrecroiser	Croiser.
entrepreneur	Chef d'entreprise.
entrouvrir	Ouvrir un peu.
envahisseur	Qui envahit.
enzyme	Protéine qui accélère une réaction dans le corps.
escadrille	Groupe d'avions.
esclaffer	S'esclaffer : éclater de rire.
escroquerie	Tromperie.
espadrille	Chaussure de toile.
essentiellement	Surtout.
essouffler	Couper le souffle.
esthétique	De la beauté.
euphonie	Sons harmonieux.
euphémisme	Façon adoucie de dire.
exaltation	Enthousiasme.
exaspération	Énervement.
exceller	Être excellent.
exceptionnellement	Rarement.
exclusivement	Uniquement.
exhaler	Dégager une odeur.
existentialisme	Philosophie de l'existence.
exploitation	Ferme ; utilisation abusive.
exponentielle	Qui grandit de plus en plus vite.
expérimenter	Essayer.
extinction	Disparition.
extraordinairement	Incroyablement.
extravagant	Bizarre.
faillite	Ruine d'une entreprise.
faine	Fruit du hêtre (on écrit aussi faîne).
familiarité	Proximité.
farfouiller	Fouiller.
fascination	Attirance.
feuillet	Page.
feuilleter	Tourner les pages.
feuilleton	Histoire en épisodes.
fluorescence	Lumière émise par certaines matières.
fonctionnaire	Employé de l'État.
fonctionnement	Marche.
fonctionner	Marcher.
fondamental	Essentiel.
fonds	Argent ; terrain.
football	Sport de ballon au pied.
formellement	Absolument.
fossette	Petit creux dans la joue.
fouillis	Désordre.
fournisseur	Vendeur.
fraîchement	Récemment.
froissement	Bruit de papier.
frustration	Déception.
frémissement	Tremblement.
fréquemment	Souvent.
fréquentation	Relation.
furieusement	Avec fureur.
furtivement	Discrètement.
fusillade	Coups de fusil.
garde-à-vous	Position militaire immobile.
gaspiller	Dépenser pour rien.
gendarmerie	Bureau des gendarmes.
gentilhomme	Noble.
gentillesse	Qualité gentille.
gothique	Style d'architecture du Moyen Âge.
gouttelette	Petite goutte.
gouvernante	Femme qui s'occupe des enfants.
graisseux	Plein de graisse.
grand-peine	À grand-peine : difficilement.
grandissant	Qui grandit.
gratuitement	Sans payer.
griffonner	Écrire vite et mal.
grisaille	Temps gris.
grossesse	Période où une femme attend un bébé.
grossièrement	Sans finesse.
grossièreté	Mot grossier.
grouillant	Qui grouille.
grouillement	Agitation.
grouiller	Fourmiller.
grésiller	Crépiter.
guillotine	Machine qui coupait la tête.
gynécologue	Médecin des femmes.
gémissement	Plainte.
généreusement	Avec générosité.
géométrique	De la géométrie.
habituellement	D'habitude.
hallucination	Vision qui n'existe pas.
hargneux	Agressif.
haussement	Mouvement vers le haut.
haut-commissaire	Haut représentant de l'État.
haut-parleur	Appareil qui diffuse le son.
hebdomadaire	Chaque semaine.
herméneutique	Art d'interpréter les textes.
hollandais	Des Pays-Bas.
homosexualité	Amour entre personnes du même sexe.
homosexuel	Qui aime les personnes du même sexe.
homéostasie	Équilibre interne du corps.
hongrois	De Hongrie.
honnêtement	Franchement.
honnêteté	Qualité de l'honnête.
horriblement	Terriblement.
hospitaliser	Mettre à l'hôpital.
hospitalité	Accueil.
huissier	Officier de justice.
humblement	Modestement.
humiliation	Honte infligée.
hygiénique	Propre, sain.
hyperbole	Exagération ; courbe mathématique.
hyperbolique	Exagéré.
hypnotiser	Endormir par hypnose.
hypocrisie	Fausseté.
hystérie	Excitation extrême.
hystérique	Très agité.
hédonisme	Recherche du plaisir.
hégémonie	Domination.
hérisser	Dresser.
héroïsme	Courage.
héréditaire	Transmis par les parents.
hésitation	Doute.
hétéroclite	Varié, mélangé.
hôpital	Lieu où l'on soigne.
identification	Reconnaissance.
idéalisme	Recherche d'un idéal.
illimité	Sans limite.
illisible	Qu'on ne peut pas lire.
illumination	Idée soudaine ; éclairage.
illusoire	Trompeur.
illustration	Image.
immanence	Ce qui est à l'intérieur des choses.
immobiliser	Rendre immobile.
immortalité	Vie éternelle.
impardonnable	Qu'on ne peut pas pardonner.
impatiemment	Avec impatience.
impatienter	S'impatienter : perdre patience.
imperceptible	Qu'on ne remarque pas.
imperceptiblement	Très peu.
impersonnel	Neutre.
imperturbable	Toujours calme.
impitoyable	Sans pitié.
impressionnant	Étonnant.
impressionner	Étonner.
imprégner	Pénétrer.
imprévisible	Qu'on ne peut pas prévoir.
impuissance	Incapacité.
impénétrable	Inaccessible.
impératrice	Femme de l'empereur.
inacceptable	Inadmissible.
inaccessible	Hors d'atteinte.
inaltérable	Qui ne s'abîme pas.
inauguration	Ouverture officielle.
incandescence	Lumière d'un corps très chaud.
incandescent	Brûlant et lumineux.
incarnation	Personnification.
incertitude	Doute.
incomparable	Unique.
incompréhensible	Qu'on ne comprend pas.
incompréhension	Le fait de ne pas comprendre.
inconcevable	Impensable.
inconsciemment	Sans s'en rendre compte.
inconscience	Perte de conscience ; irresponsabilité.
inconscient	Évanoui ; imprudent.
incroyablement	Extrêmement.
incrédulité	Doute.
indestructible	Solide.
indifférence	Désintérêt.
indignation	Colère.
indiscrétion	Curiosité déplacée.
indiscutable	Certain.
indubitablement	Sans aucun doute.
indéfiniment	Sans fin.
indéfinissable	Difficile à définir.
indépendant	Libre.
inexplicable	Mystérieux.
infaillible	Qui ne se trompe jamais.
infatigable	Jamais fatigué.
inflexible	Rigide.
inflexion	Changement de ton.
informateur	Personne qui renseigne.
inimaginable	Incroyable.
injonction	Ordre.
inlassablement	Sans se lasser.
innombrable	Très nombreux.
inquisition	Tribunal religieux d'autrefois.
insaisissable	Qu'on ne peut pas attraper.
inscription	Texte gravé ; enregistrement.
insensiblement	Petit à petit.
insignifiant	Sans importance.
insouciance	Légèreté.
insoutenable	Insupportable.
inspection	Contrôle.
inspiration	Idée ; inspiration d'air.
installation	Mise en place.
instantanément	Immédiatement.
instinctif	Spontané.
instinctivement	Sans réfléchir.
institution	Organisme.
insuffisance	Manque.
insuffisant	Pas assez.
insupportable	Intolérable.
inséparable	Toujours ensemble.
intensément	Fortement.
intercepter	Arrêter en chemin.
interdiction	Défense.
interlocuteur	Personne à qui l'on parle.
interminablement	Sans fin.
international	Entre pays.
interprétation	Explication.
interpréter	Expliquer ; jouer un rôle.
interrogation	Question.
interrogatoire	Série de questions.
intervention	Action.
intolérable	Insupportable.
introuvable	Impossible à trouver.
intégrale	Œuvre complète ; calcul d'aire en maths.
intérieurement	En soi.
inutilement	Pour rien.
invariablement	Toujours.
investigation	Enquête.
investissement	Placement.
involontaire	Sans le vouloir.
invraisemblable	Incroyable.
inéluctable	Inévitable.
inéluctablement	Inévitablement.
irremplaçable	Unique.
irresponsable	Qui ne fait pas attention aux conséquences.
irritation	Agacement.
irruption	Entrée brusque.
irrémédiable	Définitif.
irrémédiablement	Définitivement.
irréparable	Qu'on ne peut pas réparer.
irréprochable	Parfait.
irrésistible	Qu'on ne peut pas refuser.
irrésistiblement	Sans pouvoir résister.
journalisme	Métier de journaliste.
jurisprudence	Décisions de justice qui servent d'exemple.
justification	Explication.
lamentation	Plainte.
lentille	Légume sec ; verre optique.
litote	Dire moins pour suggérer plus.
littéralement	Mot à mot.
logarithme	Fonction mathématique qui transforme les produits en sommes.
luminescence	Lumière froide.
là-dessous	Sous cela.
là-dessus	Sur cela.
légionnaire	Soldat de la Légion.
machinalement	Sans y penser.
magnétophone	Appareil pour enregistrer le son.
maisonnette	Petite maison.
maladroitement	Sans adresse.
mallette	Petite valise.
malédiction	Sort funeste.
mammouth	Éléphant préhistorique.
manifestation	Défilé ; signe.
manifestement	Visiblement.
maquillage	Produits de beauté.
maquiller	Mettre du maquillage.
marionnette	Poupée qu'on anime.
matérialiser	Rendre concret.
matérialisme	Goût pour les biens matériels.
mayonnaise	Sauce aux œufs et à l'huile.
maïeutique	Art de faire trouver les idées par des questions.
mentalement	Dans sa tête.
mentionner	Citer.
minutieusement	Avec précision.
miraculeusement	Par miracle.
miséricordieux	Qui pardonne.
mitochondrie	Petite usine à énergie de la cellule.
mitrailler	Tirer en rafale.
mitraillette	Arme automatique.
mitrailleur	Tireur de mitrailleuse.
mobilisation	Appel des soldats.
modification	Changement.
mollesse	Manque d'énergie.
momentanément	Pour un moment.
monstrueux	Horrible.
mordiller	Mordre doucement.
mousquetaire	Soldat du roi autrefois.
municipalité	Mairie.
music-hall	Salle de spectacle de variétés.
mutuellement	L'un l'autre.
mystérieusement	De façon mystérieuse.
mythique	Légendaire.
méconnaissable	Très changé.
méconnaître	Ignorer.
mécontentement	Insatisfaction.
méditerranéen	De la Méditerranée.
mésaventure	Petit malheur.
métamorphose	Transformation.
métamorphoser	Transformer.
métaphysique	Réflexion sur ce qui dépasse le monde physique.
métonymie	Désigner une chose par une autre qui lui est liée.
nationalisme	Amour exclusif de sa nation.
nationalité	Pays dont on est citoyen.
nerveusement	Avec nervosité.
nettoyage	Ménage.
neutraliser	Rendre inoffensif.
nihilisme	Idée que rien n'a de valeur.
nonchalance	Lenteur.
nostalgique	Qui regrette le passé.
nourrisson	Bébé.
nécessairement	Forcément.
négligeable	Sans importance.
négligemment	Sans soin.
négociation	Discussion pour se mettre d'accord.
obscurément	Vaguement.
obsolescence	Le fait de devenir dépassé.
obstination	Entêtement.
obstinément	Avec entêtement.
obséquieux	Trop poli.
officiellement	Publiquement.
offrande	Don.
oligarchie	Pouvoir de quelques-uns.
ombrelle	Parasol.
onctueux	Crémeux.
ontologie	Étude de l'être.
opposition	Contraste ; désaccord.
oppresser	Étouffer.
oppression	Domination.
organisation	Préparation ; groupe.
orientation	Direction.
originalité	Nouveauté.
orthodoxe	Conforme ; chrétien d'Orient.
osciller	Balancer.
ostensiblement	Visiblement.
otorhinolaryngologiste	Médecin des oreilles, du nez et de la gorge.
ouvertement	Franchement.
oxymore	Association de mots contraires.
pagaille	Désordre.
paillasse	Matelas de paille ; plan de travail.
paillasson	Tapis devant la porte.
panthéon	Monument aux grands hommes.
parachutiste	Personne qui saute en parachute.
paradoxalement	Contre toute attente.
parcours	Trajet.
pareillement	De même.
parenthèse	Signe ( ) ; digression.
paronomase	Rapprochement de mots aux sons proches.
participation	Contribution.
particularité	Caractéristique.
passe-temps	Loisir.
passerelle	Petit pont.
passionnant	Captivant.
passionnel	Dicté par la passion.
passionner	Intéresser beaucoup.
passionnément	Avec passion.
pastille	Petit bonbon.
pathétique	Émouvant.
patriotique	De la patrie.
patrouille	Ronde de soldats ou de policiers.
pensivement	En réfléchissant.
perfectionner	Améliorer.
performance	Résultat.
perplexité	Doute.
perpétuellement	Toujours.
perquisition	Fouille par la police.
personnellement	En personne.
persécution	Harcèlement.
petite-fille	Fille du fils ou de la fille.
philosophique	De la philosophie.
phonographe	Ancien tourne-disque.
phosphorescence	Lueur dans le noir.
phosphorescent	Qui brille dans le noir.
photographe	Personne qui prend des photos.
physionomie	Visage.
physiquement	Par le corps.
phénomène	Fait étonnant.
phénoménologie	Philosophie de l'expérience vécue.
piaillement	Cris d'oiseaux.
piailler	Crier.
pique-nique	Repas dehors.
piétinement	Le fait de piétiner.
plaisanterie	Blague.
plate-forme	Surface plane.
pleurnicher	Pleurer pour rien.
plébiscite	Vote du peuple.
pléonasme	Répétition inutile (monter en haut).
poisseux	Collant.
polynôme	Somme de termes en mathématiques.
polysémie	Plusieurs sens pour un mot.
porte-monnaie	Petit sac pour l'argent.
possibilité	Chance.
posthume	Après la mort.
pourchasser	Poursuivre.
poussiéreux	Plein de poussière.
pratiquement	Presque.
pressentiment	Intuition.
prestigieux	Renommé.
primitive	Première, d'origine ; fonction dont on part en mathématiques.
privilégier	Préférer.
procès-verbal	Compte rendu officiel ; amende.
progression	Avancée.
progressivement	Petit à petit.
prolongement	Suite.
prosopopée	Faire parler un absent ou un objet.
protestation	Plainte.
provisoirement	Pour le moment.
provocation	Défi.
précipitamment	Très vite.
précipitation	Hâte ; pluie.
prémonition	Pressentiment.
préoccupation	Souci.
prépondérance	Supériorité.
présentation	Le fait de présenter.
présidentiel	Du président.
prétentieux	Vaniteux.
psychanalyse	Méthode qui soigne en parlant de son inconscient.
psychiatrique	De la psychiatrie.
psychologique	De l'esprit.
psychologue	Spécialiste de l'esprit.
publication	Parution.
publicitaire	De la publicité.
publiquement	Devant tous.
puits	Trou profond pour puiser l'eau.
pull-over	Pull.
pusillanime	Peureux.
pénitentiaire	Des prisons.
pénétration	Entrée.
péremptoire	Sans réplique.
périphrase	Expression qui remplace un mot.
quarantaine	Environ quarante ; isolement.
questionner	Interroger.
quintessence	L'essentiel.
quotidiennement	Chaque jour.
raccommoder	Réparer.
raccompagner	Reconduire.
raccourcir	Rendre plus court.
raccrocher	Accrocher ; terminer un appel.
raffinement	Élégance.
rageusement	Avec rage.
raisonnement	Réflexion.
randonnée	Longue promenade.
rappliquer	Revenir (familier).
rapprochement	Réconciliation.
rassemblement	Réunion.
rationalisme	Confiance dans la raison.
rationnel	Logique.
ravissement	Émerveillement.
ravitaillement	Approvisionnement.
ravitailler	Fournir des vivres.
rayonnage	Étagères.
rayonnant	Radieux.
rayonnement	Éclat ; influence.
reconnaissable	Qu'on reconnaît.
reconstituer	Refaire.
reconstruction	Le fait de reconstruire.
reconstruire	Construire à nouveau.
recroqueviller	Se recroqueviller : se replier sur soi.
rectangulaire	En rectangle.
redressement	Rétablissement.
regrettable	Dommage.
rehausser	Mettre en valeur.
remords	Regret d'une faute.
remplacement	Substitution.
remplaçant	Suppléant.
remue-ménage	Agitation.
renoncement	Abandon.
reproduction	Copie ; naissance des petits.
ressasser	Répéter.
ressemblance	Similitude.
ressentiment	Rancune.
resserrer	Serrer davantage.
ressusciter	Revenir à la vie.
restauration	Réparation ; restaurant.
restriction	Limitation.
retrouvaille	Retrouvailles : fait de se revoir.
revendication	Demande.
revendiquer	Réclamer.
rhabiller	Habiller à nouveau.
rhubarbe	Plante à tiges acides.
rhétorique	Art de bien parler.
ribosome	Petite usine qui fabrique les protéines dans la cellule.
ridiculiser	Rendre ridicule.
rigoureusement	Strictement.
ronronnement	Bruit du chat.
roupiller	Dormir (familier).
rugissement	Cri du lion.
réalisation	Œuvre.
réapparaître	Revenir.
réconciliation	Fin d'une dispute.
réconcilier	Remettre d'accord.
réconfortant	Rassurant.
récurrence	Répétition.
réfrigérateur	Frigo.
référendum	Vote du peuple sur une question.
réglementaire	Conforme au règlement.
réminiscence	Souvenir.
réprobation	Désapprobation.
républicain	De la république.
réquisitionner	Utiliser de force.
résignation	Acceptation.
résurrection	Retour à la vie.
rétablissement	Guérison.
rétroviseur	Miroir de voiture.
réveillon	Repas de fête la nuit de Noël ou du Nouvel An.
révolutionnaire	Qui change tout.
saillant	Qui dépasse.
sanction	Punition.
sans-pareil	Unique.
satisfaisant	Suffisant.
sauvagement	Violemment.
sauvegarder	Protéger ; enregistrer.
scandaliser	Choquer.
scepticisme	Doute.
schizophrénie	Maladie mentale qui trouble la perception du réel.
sciemment	Exprès.
scintillant	Qui scintille.
secrètement	En secret.
sensationnel	Extraordinaire.
sensibilité	Délicatesse.
serpillière	Torchon pour laver le sol.
siffloter	Siffler doucement.
signalement	Description.
significatif	Révélateur.
signification	Sens.
simultanément	En même temps.
singulièrement	Particulièrement.
soixantaine	Environ soixante.
solennellement	De façon solennelle.
sollicitude	Attention.
sommeiller	Dormir légèrement.
somptueux	Luxueux.
sophisme	Faux raisonnement.
soudainement	Tout à coup.
soufflet	Instrument pour souffler ; gifle.
souffrant	Malade.
soupçonneux	Méfiant.
sournoisement	Hypocritement.
sous-lieutenant	Officier.
sous-officier	Militaire gradé.
sous-vêtement	Vêtement de dessous.
soutien-gorge	Sous-vêtement pour la poitrine.
spaghetti	Pâtes longues.
spectaculaire	Impressionnant.
spontanément	Naturellement.
spécialiser	Se spécialiser : se consacrer à un domaine.
spéculation	Hypothèse ; pari sur les prix.
station-service	Endroit où l'on met de l'essence.
stochastique	Dû au hasard.
stoïcisme	Courage face à la douleur.
stratégique	De la stratégie.
strictement	Rigoureusement.
stupidement	Bêtement.
stœchiométrie	Calcul des quantités dans une réaction chimique.
subrepticement	En cachette.
successeur	Celui qui vient après.
succession	Suite ; héritage.
suffisamment	Assez.
superstitieux	Qui croit aux présages.
superstition	Croyance irrationnelle.
suppliant	Qui supplie.
supplication	Prière.
supplément	Ajout.
supplémentaire	En plus.
supportable	Tolérable.
supposition	Hypothèse.
supprimer	Enlever.
sur-le-champ	Immédiatement.
surhumain	Au-delà de l'humain.
surlendemain	Deux jours après.
surveillant	Personne qui surveille.
susceptible	Qui se vexe facilement ; capable de.
syllogisme	Raisonnement en trois étapes.
sympathie	Affection.
synecdoque	Désigner le tout par une partie.
systématiquement	Toujours.
tambouriner	Taper du bout des doigts.
tautologie	Répétition inutile d'une idée.
tempérament	Caractère.
terrasser	Abattre.
terre-plein	Terrain surélevé.
terriblement	Très.
thermodynamique	Science de la chaleur et de l'énergie.
théocratie	Gouvernement religieux.
théologie	Étude de Dieu.
théorique	Abstrait.
théorème	Vérité démontrée.
tignasse	Chevelure en désordre.
tirailleur	Soldat.
torpille	Arme sous-marine.
tortiller	Tordre.
totalitarisme	Régime qui contrôle tout.
touristique	Pour les touristes.
tout-puissant	Qui peut tout.
tranquillité	Calme.
transcendance	Ce qui dépasse le monde.
transfigurer	Transformer.
translucide	Qui laisse passer la lumière.
transmission	Passage.
transparence	Clarté.
transpercer	Percer de part en part.
tremblement	Secousse.
triangulaire	En triangle.
trigonométrie	Calcul des angles et des côtés des triangles.
trouvaille	Découverte.
télégraphier	Envoyer un télégramme.
téléphonique	Du téléphone.
tête-à-tête	Rencontre à deux.
universitaire	De l'université.
utilisation	Usage.
utilitarisme	Morale fondée sur l'utilité.
va-et-vient	Allées et venues.
vacillant	Qui vacille.
vaciller	Chanceler.
veilleur	Gardien de nuit.
veilleuse	Petite lumière de nuit.
verrouiller	Fermer à clé.
vertigineux	Qui donne le vertige.
violoncelle	Grand violon.
volontairement	Exprès.
vraisemblable	Crédible.
vraisemblablement	Probablement.
vérification	Contrôle.
véritablement	Vraiment.
éblouissant	Aveuglant.
éblouissement	Émerveillement.
écarquiller	Ouvrir grand (les yeux).
échafaudage	Structure pour les travaux.
éclaboussure	Tache.
écroulement	Effondrement.
égratignure	Petite blessure.
électromagnétisme	Science de l'électricité et du magnétisme.
électronique	Science des circuits.
éloignement	Distance.
élémentaire	Simple.
émerveillement	Admiration.
énigmatique	Mystérieux.
éparpiller	Disperser.
épicurisme	Philosophie qui recherche un plaisir mesuré.
épiphénomène	Fait secondaire.
épistémologie	Étude des sciences.
épouvantail	Mannequin pour effrayer les oiseaux.
équiprobable	Qui a la même chance d'arriver.
éternellement	Pour toujours.
étrangement	Bizarrement.
étroitement	De près.
éventualité	Possibilité.
éventuellement	Si besoin.
